signature	lineage	gene	direction	meta_logFC	source
common_81	ALL_TNK	AES	down	-0.3025672945002223	Gate6b_persistent_stress_excluded
common_81	ALL_TNK	ANXA1	up	0.496346027306068	Gate6b_persistent_stress_excluded
common_81	ALL_TNK	AREG	up	2.0195598447348133	Gate6b_persistent_stress_excluded
common_81	ALL_TNK	ARF4	up	0.43966784989290836	Gate6b_persistent_stress_excluded
common_81	ALL_TNK	ASXL1	up	0.41259177205716396	Gate6b_persistent_stress_excluded
common_81	ALL_TNK	ATP5B	up	0.30268456720231535	Gate6b_persistent_stress_excluded
common_81	ALL_TNK	BIRC2	up	0.29738555838677266	Gate6b_persistent_stress_excluded
common_81	ALL_TNK	BOLA1	down	-0.5604184048116067	Gate6b_persistent_stress_excluded
common_81	ALL_TNK	BTG2	up	1.5197324948199367	Gate6b_persistent_stress_excluded
common_81	ALL_TNK	C12orf44	up	0.6171349814753843	Gate6b_persistent_stress_excluded
common_81	ALL_TNK	C19orf25	down	-0.306505186521058	Gate6b_persistent_stress_excluded
common_81	ALL_TNK	CD69	up	0.946340565720794	Gate6b_persistent_stress_excluded
common_81	ALL_TNK	CHIC2	up	0.329255728556139	Gate6b_persistent_stress_excluded
common_81	ALL_TNK	CHMP1B	up	0.8507161260431086	Gate6b_persistent_stress_excluded
common_81	ALL_TNK	COQ10B	up	0.34605383573607035	Gate6b_persistent_stress_excluded
common_81	ALL_TNK	CSRNP1	up	2.1745852514141335	Gate6b_persistent_stress_excluded
common_81	ALL_TNK	CYCS	up	0.47668932073899634	Gate6b_persistent_stress_excluded
common_81	ALL_TNK	CYTH4	down	-0.43330795536928496	Gate6b_persistent_stress_excluded
common_81	ALL_TNK	CYTIP	up	0.28574045066744397	Gate6b_persistent_stress_excluded
common_81	ALL_TNK	DUSP2	up	1.310577811188026	Gate6b_persistent_stress_excluded
common_81	ALL_TNK	DYNLL1	up	0.5860651180015216	Gate6b_persistent_stress_excluded
common_81	ALL_TNK	ERF	up	1.149114311723114	Gate6b_persistent_stress_excluded
common_81	ALL_TNK	EXOG	down	-0.37363371073784907	Gate6b_persistent_stress_excluded
common_81	ALL_TNK	GIMAP4	down	-0.5493646028364464	Gate6b_persistent_stress_excluded
common_81	ALL_TNK	GIMAP6	down	-0.555059819881217	Gate6b_persistent_stress_excluded
common_81	ALL_TNK	GIMAP7	down	-0.6774908512754987	Gate6b_persistent_stress_excluded
common_81	ALL_TNK	GNAS	up	0.469487643177972	Gate6b_persistent_stress_excluded
common_81	ALL_TNK	GTPBP1	up	0.8636944852328066	Gate6b_persistent_stress_excluded
common_81	ALL_TNK	H3F3B	up	0.4281774441870963	Gate6b_persistent_stress_excluded
common_81	ALL_TNK	HNRNPA0	up	0.282661050341742	Gate6b_persistent_stress_excluded
common_81	ALL_TNK	HSPA5	up	0.5442008377671227	Gate6b_persistent_stress_excluded
common_81	ALL_TNK	HSPA8	up	0.40520636737408466	Gate6b_persistent_stress_excluded
common_81	ALL_TNK	HSPA9	up	0.38948202432446594	Gate6b_persistent_stress_excluded
common_81	ALL_TNK	IDI1	up	0.4360173396050213	Gate6b_persistent_stress_excluded
common_81	ALL_TNK	IMP3	down	-0.37277800097095604	Gate6b_persistent_stress_excluded
common_81	ALL_TNK	ING4	down	-0.5980617439610304	Gate6b_persistent_stress_excluded
common_81	ALL_TNK	LAPTM5	up	0.290102027675395	Gate6b_persistent_stress_excluded
common_81	ALL_TNK	LBH	up	0.24908950393062934	Gate6b_persistent_stress_excluded
common_81	ALL_TNK	LINC00909	down	-0.5475004857800573	Gate6b_persistent_stress_excluded
common_81	ALL_TNK	MED11	down	-0.30102387028997235	Gate6b_persistent_stress_excluded
common_81	ALL_TNK	MEPCE	up	0.6163276127216637	Gate6b_persistent_stress_excluded
common_81	ALL_TNK	METTL15	up	0.6702976050837867	Gate6b_persistent_stress_excluded
common_81	ALL_TNK	MORF4L2	up	0.47535502337922203	Gate6b_persistent_stress_excluded
common_81	ALL_TNK	MRPS18C	down	-0.34077525159851163	Gate6b_persistent_stress_excluded
common_81	ALL_TNK	MYLIP	up	0.4891625360696043	Gate6b_persistent_stress_excluded
common_81	ALL_TNK	NAF1	up	0.8589766807264629	Gate6b_persistent_stress_excluded
common_81	ALL_TNK	NCBP2-AS2	down	-0.662205174331756	Gate6b_persistent_stress_excluded
common_81	ALL_TNK	NHLRC3	down	-0.4965604640280057	Gate6b_persistent_stress_excluded
common_81	ALL_TNK	NRBF2	up	0.40402824667341	Gate6b_persistent_stress_excluded
common_81	ALL_TNK	P2RY10	up	0.6000282505655773	Gate6b_persistent_stress_excluded
common_81	ALL_TNK	PLIN2	up	0.7287463015387456	Gate6b_persistent_stress_excluded
common_81	ALL_TNK	PNPLA8	up	0.47753018398810126	Gate6b_persistent_stress_excluded
common_81	ALL_TNK	PTGER4	up	0.8336923093149977	Gate6b_persistent_stress_excluded
common_81	ALL_TNK	RBM39	up	0.2273868845358067	Gate6b_persistent_stress_excluded
common_81	ALL_TNK	RGS2	up	1.78555615363073	Gate6b_persistent_stress_excluded
common_81	ALL_TNK	RILPL2	up	0.6427494423070297	Gate6b_persistent_stress_excluded
common_81	ALL_TNK	RP1-313I6.12	up	0.7951330638794921	Gate6b_persistent_stress_excluded
common_81	ALL_TNK	RP11-473M20.7	down	-0.5488874063033774	Gate6b_persistent_stress_excluded
common_81	ALL_TNK	SCNM1	down	-0.36498158940826436	Gate6b_persistent_stress_excluded
common_81	ALL_TNK	SFPQ	up	0.41060958759590366	Gate6b_persistent_stress_excluded
common_81	ALL_TNK	SLC25A45	down	-0.6368584798692883	Gate6b_persistent_stress_excluded
common_81	ALL_TNK	SLC25A5	up	0.32612681015737666	Gate6b_persistent_stress_excluded
common_81	ALL_TNK	SRSF3	up	0.322889600814404	Gate6b_persistent_stress_excluded
common_81	ALL_TNK	STK4	up	0.3155121756510793	Gate6b_persistent_stress_excluded
common_81	ALL_TNK	TMEM2	up	0.955029422681163	Gate6b_persistent_stress_excluded
common_81	ALL_TNK	TMEM66	up	0.293417548168926	Gate6b_persistent_stress_excluded
common_81	ALL_TNK	TNF	up	1.5086952400918834	Gate6b_persistent_stress_excluded
common_81	ALL_TNK	TNFAIP8L2	down	-0.8046256464062828	Gate6b_persistent_stress_excluded
common_81	ALL_TNK	TOPORS	up	0.5393957332407243	Gate6b_persistent_stress_excluded
common_81	ALL_TNK	TSC22D2	up	1.1048637987014467	Gate6b_persistent_stress_excluded
common_81	ALL_TNK	TSPYL2	up	0.8750975316934073	Gate6b_persistent_stress_excluded
common_81	ALL_TNK	TXNIP	down	-0.5604607011703027	Gate6b_persistent_stress_excluded
common_81	ALL_TNK	UBB	up	0.394758249905042	Gate6b_persistent_stress_excluded
common_81	ALL_TNK	UBC	up	0.7825363875330053	Gate6b_persistent_stress_excluded
common_81	ALL_TNK	VDAC1	up	0.2926356066099577	Gate6b_persistent_stress_excluded
common_81	ALL_TNK	XCL1	up	1.256334522004126	Gate6b_persistent_stress_excluded
common_81	ALL_TNK	YIPF4	down	-0.3554261005254187	Gate6b_persistent_stress_excluded
common_81	ALL_TNK	ZC3HAV1	up	0.40283642255136193	Gate6b_persistent_stress_excluded
common_81	ALL_TNK	ZFP36L2	up	0.7016977509178778	Gate6b_persistent_stress_excluded
common_81	ALL_TNK	ZNF302	down	-0.42677440293584895	Gate6b_persistent_stress_excluded
common_81	ALL_TNK	ZNF331	up	1.8385496235289367	Gate6b_persistent_stress_excluded
lineage_CD4_T	CD4_T	DUSP2	up	1.91356013373352	Gate6b_persistent_stress_excluded
lineage_CD4_T	CD4_T	SKIL	up	1.78530344105344	Gate6b_persistent_stress_excluded
lineage_CD4_T	CD4_T	RASGEF1B	up	1.87236584930422	Gate6b_persistent_stress_excluded
lineage_CD4_T	CD4_T	TNF	up	1.2802121933293	Gate6b_persistent_stress_excluded
lineage_CD4_T	CD4_T	SIK1	up	2.71225606722212	Gate6b_persistent_stress_excluded
lineage_CD4_T	CD4_T	PTGER4	up	1.03857102873894	Gate6b_persistent_stress_excluded
lineage_CD4_T	CD4_T	HEXIM1	up	1.08317100243387	Gate6b_persistent_stress_excluded
lineage_CD4_T	CD4_T	SERTAD1	up	1.61163326804946	Gate6b_persistent_stress_excluded
lineage_CD4_T	CD4_T	ZFP36	up	1.638408856172	Gate6b_persistent_stress_excluded
lineage_CD4_T	CD4_T	DNAJB4	up	1.22290175721883	Gate6b_persistent_stress_excluded
lineage_CD4_T	CD4_T	BTG2	up	1.36671476646253	Gate6b_persistent_stress_excluded
lineage_CD4_T	CD4_T	PRMT10	up	1.09412295147999	Gate6b_persistent_stress_excluded
lineage_CD4_T	CD4_T	SC5D	up	1.50613165928834	Gate6b_persistent_stress_excluded
lineage_CD4_T	CD4_T	TSC22D3	up	0.918571104054061	Gate6b_persistent_stress_excluded
lineage_CD4_T	CD4_T	ARL4A	up	1.01675826823286	Gate6b_persistent_stress_excluded
lineage_CD4_T	CD4_T	ERF	up	1.23129533786228	Gate6b_persistent_stress_excluded
lineage_CD4_T	CD4_T	CXCR4	up	1.04600948115492	Gate6b_persistent_stress_excluded
lineage_CD4_T	CD4_T	TSC22D2	up	1.06679520179464	Gate6b_persistent_stress_excluded
lineage_CD4_T	CD4_T	USP36	up	0.824306984173612	Gate6b_persistent_stress_excluded
lineage_CD4_T	CD4_T	KIAA1683	up	1.96416080067263	Gate6b_persistent_stress_excluded
lineage_CD4_T	CD4_T	EIF4A1	up	0.542980607153987	Gate6b_persistent_stress_excluded
lineage_CD4_T	CD4_T	PPP1R10	up	0.850702081519148	Gate6b_persistent_stress_excluded
lineage_CD4_T	CD4_T	CSRNP1	up	2.08810692035592	Gate6b_persistent_stress_excluded
lineage_CD4_T	CD4_T	CHMP1B	up	1.03371525727025	Gate6b_persistent_stress_excluded
lineage_CD4_T	CD4_T	METTL15	up	0.820502951681797	Gate6b_persistent_stress_excluded
lineage_CD4_T	CD4_T	TIPARP	up	1.10982745069038	Gate6b_persistent_stress_excluded
lineage_CD4_T	CD4_T	FAM46C	up	1.94151367416881	Gate6b_persistent_stress_excluded
lineage_CD4_T	CD4_T	RILPL2	up	0.674571180471653	Gate6b_persistent_stress_excluded
lineage_CD4_T	CD4_T	IFRD1	up	0.839853262406655	Gate6b_persistent_stress_excluded
lineage_CD4_T	CD4_T	PLIN2	up	0.879664374767799	Gate6b_persistent_stress_excluded
lineage_CD4_T	CD4_T	DNAJA1	up	1.25040590651328	Gate6b_persistent_stress_excluded
lineage_CD4_T	CD4_T	YPEL5	up	1.09336045770984	Gate6b_persistent_stress_excluded
lineage_CD4_T	CD4_T	IRS2	up	1.11821453056303	Gate6b_persistent_stress_excluded
lineage_CD4_T	CD4_T	CYCS	up	0.692803704716447	Gate6b_persistent_stress_excluded
lineage_CD4_T	CD4_T	ID2	up	0.747214178090568	Gate6b_persistent_stress_excluded
lineage_CD4_T	CD4_T	ETV3	up	0.997342247891264	Gate6b_persistent_stress_excluded
lineage_CD4_T	CD4_T	TNFAIP3	up	1.77755557380707	Gate6b_persistent_stress_excluded
lineage_CD4_T	CD4_T	RGS2	up	1.83913682285765	Gate6b_persistent_stress_excluded
lineage_CD4_T	CD4_T	DYNLL1	up	0.664645276544598	Gate6b_persistent_stress_excluded
lineage_CD4_T	CD4_T	LDHA	up	0.640343969421775	Gate6b_persistent_stress_excluded
lineage_CD4_T	CD4_T	ANXA1	up	0.790675393968919	Gate6b_persistent_stress_excluded
lineage_CD4_T	CD4_T	TOB1	up	0.657617025059114	Gate6b_persistent_stress_excluded
lineage_CD4_T	CD4_T	AREG	up	1.91182191870171	Gate6b_persistent_stress_excluded
lineage_CD4_T	CD4_T	RP1-313I6.12	up	1.09730122257805	Gate6b_persistent_stress_excluded
lineage_CD4_T	CD4_T	RGS1	up	2.85464524161011	Gate6b_persistent_stress_excluded
lineage_CD4_T	CD4_T	SLC25A45	down	-0.697017605873602	Gate6b_persistent_stress_excluded
lineage_CD4_T	CD4_T	SOCS3	up	1.17509071722084	Gate6b_persistent_stress_excluded
lineage_CD4_T	CD4_T	UBC	up	0.87833563005805	Gate6b_persistent_stress_excluded
lineage_CD4_T	CD4_T	RGCC	up	0.848877673991222	Gate6b_persistent_stress_excluded
lineage_CD4_T	CD4_T	CD55	up	0.747741500917043	Gate6b_persistent_stress_excluded
lineage_CD4_T	CD4_T	SNHG15	up	0.578513090393469	Gate6b_persistent_stress_excluded
lineage_CD4_T	CD4_T	DNAJB6	up	0.503994571091752	Gate6b_persistent_stress_excluded
lineage_CD4_T	CD4_T	GTPBP1	up	0.870822571006649	Gate6b_persistent_stress_excluded
lineage_CD4_T	CD4_T	ZNF331	up	1.72885989689736	Gate6b_persistent_stress_excluded
lineage_CD4_T	CD4_T	CPNE7	up	1.4399074160476	Gate6b_persistent_stress_excluded
lineage_CD4_T	CD4_T	RP11-796G6.2	up	1.02751451590305	Gate6b_persistent_stress_excluded
lineage_CD4_T	CD4_T	SELK	up	0.885390707884592	Gate6b_persistent_stress_excluded
lineage_CD4_T	CD4_T	ZFP36L2	up	0.822852492894904	Gate6b_persistent_stress_excluded
lineage_CD4_T	CD4_T	FAM177A1	up	1.06711831507131	Gate6b_persistent_stress_excluded
lineage_CD4_T	CD4_T	CTD-2037K23.2	down	-0.757802161855296	Gate6b_persistent_stress_excluded
lineage_CD4_T	CD4_T	IDI1	up	0.575897847279643	Gate6b_persistent_stress_excluded
lineage_CD4_T	CD4_T	TNFSF13B	up	0.743166342235834	Gate6b_persistent_stress_excluded
lineage_CD4_T	CD4_T	TMEM2	up	0.868532703013376	Gate6b_persistent_stress_excluded
lineage_CD4_T	CD4_T	NHLRC3	down	-0.621774357526506	Gate6b_persistent_stress_excluded
lineage_CD4_T	CD4_T	SNAPC1	up	0.828106652090776	Gate6b_persistent_stress_excluded
lineage_CD4_T	CD4_T	SLC2A3	up	1.21732168579709	Gate6b_persistent_stress_excluded
lineage_CD4_T	CD4_T	NR3C1	up	0.493366875060994	Gate6b_persistent_stress_excluded
lineage_CD4_T	CD4_T	XCL1	up	1.77733186429135	Gate6b_persistent_stress_excluded
lineage_CD4_T	CD4_T	CD69	up	0.964390467758237	Gate6b_persistent_stress_excluded
lineage_CD4_T	CD4_T	H3F3B	up	0.446820936109295	Gate6b_persistent_stress_excluded
lineage_CD4_T	CD4_T	PDCL3	up	0.60700430376586	Gate6b_persistent_stress_excluded
lineage_CD4_T	CD4_T	SRSF7	up	0.505446016906647	Gate6b_persistent_stress_excluded
lineage_CD4_T	CD4_T	CTC-428H11.2	up	1.07919812563688	Gate6b_persistent_stress_excluded
lineage_CD4_T	CD4_T	ZNF75A	down	-0.633620771547417	Gate6b_persistent_stress_excluded
lineage_CD4_T	CD4_T	SLFN11	up	1.16277662262097	Gate6b_persistent_stress_excluded
lineage_CD4_T	CD4_T	GIMAP5	down	-0.663224913405539	Gate6b_persistent_stress_excluded
lineage_CD4_T	CD4_T	NAF1	up	0.907253651288381	Gate6b_persistent_stress_excluded
lineage_CD4_T	CD4_T	NDFIP2	up	1.21803994307261	Gate6b_persistent_stress_excluded
lineage_CD4_T	CD4_T	ZBTB10	up	0.999548023262327	Gate6b_persistent_stress_excluded
lineage_CD4_T	CD4_T	TUBA1B	up	0.539438237987867	Gate6b_persistent_stress_excluded
lineage_CD4_T	CD4_T	VAV3	up	1.10827705078665	Gate6b_persistent_stress_excluded
lineage_CD4_T	CD4_T	HSPA5	up	0.638814437158007	Gate6b_persistent_stress_excluded
lineage_CD4_T	CD4_T	GIMAP4	down	-0.588918005198496	Gate6b_persistent_stress_excluded
lineage_CD4_T	CD4_T	SLC35A2	up	0.878595225883213	Gate6b_persistent_stress_excluded
lineage_CD4_T	CD4_T	SLAMF1	up	0.563075556530842	Gate6b_persistent_stress_excluded
lineage_CD4_T	CD4_T	P2RY10	up	0.631908820317265	Gate6b_persistent_stress_excluded
lineage_CD4_T	CD4_T	STOM	up	0.680337626627089	Gate6b_persistent_stress_excluded
lineage_CD4_T	CD4_T	TSPYL2	up	0.871923711490033	Gate6b_persistent_stress_excluded
lineage_CD4_T	CD4_T	PTP4A1	up	0.7485469814183	Gate6b_persistent_stress_excluded
lineage_CD4_T	CD4_T	GNAS	up	0.431712865726898	Gate6b_persistent_stress_excluded
lineage_CD4_T	CD4_T	SYAP1	up	0.679425052376234	Gate6b_persistent_stress_excluded
lineage_CD4_T	CD4_T	RARA	up	0.813877446833884	Gate6b_persistent_stress_excluded
lineage_CD4_T	CD4_T	UBB	up	0.487886393681128	Gate6b_persistent_stress_excluded
lineage_CD4_T	CD4_T	STAT3	up	0.687029474860354	Gate6b_persistent_stress_excluded
lineage_CD4_T	CD4_T	TUBA4A	up	0.415557852311101	Gate6b_persistent_stress_excluded
lineage_CD4_T	CD4_T	LINC00685	down	-0.599359545058353	Gate6b_persistent_stress_excluded
lineage_CD4_T	CD4_T	SGK1	up	0.97513397359476	Gate6b_persistent_stress_excluded
lineage_CD4_T	CD4_T	PGK1	up	0.459548419221706	Gate6b_persistent_stress_excluded
lineage_CD4_T	CD4_T	ENO1	up	0.407409991428539	Gate6b_persistent_stress_excluded
lineage_CD4_T	CD4_T	PRNP	up	0.554341570038686	Gate6b_persistent_stress_excluded
lineage_CD4_T	CD4_T	TXNIP	down	-0.484166466398778	Gate6b_persistent_stress_excluded
lineage_CD4_T	CD4_T	TNFAIP8L2	down	-0.811370738071767	Gate6b_persistent_stress_excluded
lineage_CD4_T	CD4_T	EIF1	up	0.315443608258397	Gate6b_persistent_stress_excluded
lineage_CD4_T	CD4_T	LYPD3	up	0.901448669882866	Gate6b_persistent_stress_excluded
lineage_CD4_T	CD4_T	IFNGR1	up	0.646269230180312	Gate6b_persistent_stress_excluded
lineage_CD4_T	CD4_T	JMY	up	0.747914085460347	Gate6b_persistent_stress_excluded
lineage_CD4_T	CD4_T	NABP1	up	0.492291729585065	Gate6b_persistent_stress_excluded
lineage_CD4_T	CD4_T	GPR132	up	0.677366138134837	Gate6b_persistent_stress_excluded
lineage_CD4_T	CD4_T	MORF4L2	up	0.49601579227198	Gate6b_persistent_stress_excluded
lineage_CD4_T	CD4_T	NEU1	up	1.05370621789007	Gate6b_persistent_stress_excluded
lineage_CD4_T	CD4_T	CCNH	up	0.642403755273941	Gate6b_persistent_stress_excluded
lineage_CD4_T	CD4_T	ZNF606	down	-0.888611921747902	Gate6b_persistent_stress_excluded
lineage_CD4_T	CD4_T	CBLL1	down	-0.565902487471456	Gate6b_persistent_stress_excluded
lineage_CD4_T	CD4_T	MRPL17	down	-0.570128405163029	Gate6b_persistent_stress_excluded
lineage_CD4_T	CD4_T	RP11-553L6.2	up	0.635261689439847	Gate6b_persistent_stress_excluded
lineage_CD4_T	CD4_T	AC010642.1	up	0.491619505404531	Gate6b_persistent_stress_excluded
lineage_CD4_T	CD4_T	TTC14	down	-0.524728953743651	Gate6b_persistent_stress_excluded
lineage_CD4_T	CD4_T	GIMAP7	down	-0.662682869878526	Gate6b_persistent_stress_excluded
lineage_CD4_T	CD4_T	C12orf44	up	0.622335280206664	Gate6b_persistent_stress_excluded
lineage_CD4_T	CD4_T	EIF5	up	0.449891336107732	Gate6b_persistent_stress_excluded
lineage_CD4_T	CD4_T	H2AFZ	up	0.444132536315107	Gate6b_persistent_stress_excluded
lineage_CD4_T	CD4_T	RHOH	up	0.432595935666279	Gate6b_persistent_stress_excluded
lineage_CD4_T	CD4_T	MYLIP	up	0.528230364349207	Gate6b_persistent_stress_excluded
lineage_CD4_T	CD4_T	IRF2BPL	up	0.635215262805589	Gate6b_persistent_stress_excluded
lineage_CD4_T	CD4_T	UBQLN2	down	-0.577314126320663	Gate6b_persistent_stress_excluded
lineage_CD4_T	CD4_T	ATP5B	up	0.383714373011066	Gate6b_persistent_stress_excluded
lineage_CD4_T	CD4_T	SFPQ	up	0.381005008417628	Gate6b_persistent_stress_excluded
lineage_CD4_T	CD4_T	PAXIP1-AS1	down	-0.597179475812437	Gate6b_persistent_stress_excluded
lineage_CD4_T	CD4_T	TPRG1	up	1.05154873433648	Gate6b_persistent_stress_excluded
lineage_CD4_T	CD4_T	DDIT4	up	0.581150400928453	Gate6b_persistent_stress_excluded
lineage_CD4_T	CD4_T	NIFK-AS1	down	-0.56159640596549	Gate6b_persistent_stress_excluded
lineage_CD4_T	CD4_T	STMN3	down	-0.635043734584257	Gate6b_persistent_stress_excluded
lineage_CD4_T	CD4_T	PARP8	up	0.341507152592516	Gate6b_persistent_stress_excluded
lineage_CD4_T	CD4_T	MEPCE	up	0.743684883070996	Gate6b_persistent_stress_excluded
lineage_CD4_T	CD4_T	RP11-252A24.7	down	-0.495871672688843	Gate6b_persistent_stress_excluded
lineage_CD4_T	CD4_T	MANEA-AS1	down	-0.630703326255894	Gate6b_persistent_stress_excluded
lineage_CD4_T	CD4_T	CAPG	up	0.679916601082108	Gate6b_persistent_stress_excluded
lineage_CD4_T	CD4_T	PDE4B	up	0.960459900081501	Gate6b_persistent_stress_excluded
lineage_CD4_T	CD4_T	ISG20L2	up	0.486358128549275	Gate6b_persistent_stress_excluded
lineage_CD4_T	CD4_T	CBFB	up	0.43365896524259	Gate6b_persistent_stress_excluded
lineage_CD4_T	CD4_T	GRPEL1	up	0.476621441462872	Gate6b_persistent_stress_excluded
lineage_CD4_T	CD4_T	ARF1	up	0.320357271376333	Gate6b_persistent_stress_excluded
lineage_CD4_T	CD4_T	OAZ1	up	0.286557763618776	Gate6b_persistent_stress_excluded
lineage_CD4_T	CD4_T	ZNF785	down	-0.795323768368252	Gate6b_persistent_stress_excluded
lineage_CD4_T	CD4_T	ZC3HAV1	up	0.383740197456754	Gate6b_persistent_stress_excluded
lineage_CD4_T	CD4_T	ARF4	up	0.445879460179999	Gate6b_persistent_stress_excluded
lineage_CD4_T	CD4_T	PPP2R5C	up	0.342109374598798	Gate6b_persistent_stress_excluded
lineage_CD4_T	CD4_T	CTD-3184A7.4	down	-0.544628367011798	Gate6b_persistent_stress_excluded
lineage_CD4_T	CD4_T	CYTH4	down	-0.483412439545155	Gate6b_persistent_stress_excluded
lineage_CD4_T	CD4_T	PPAPDC2	down	-0.900601052302853	Gate6b_persistent_stress_excluded
lineage_CD4_T	CD4_T	RNF139	up	0.664523708337229	Gate6b_persistent_stress_excluded
lineage_CD4_T	CD4_T	BAZ1A	up	0.428647201252339	Gate6b_persistent_stress_excluded
lineage_CD4_T	CD4_T	HPS4	down	-0.435804527155122	Gate6b_persistent_stress_excluded
lineage_CD4_T	CD4_T	OAT	up	0.565100245338597	Gate6b_persistent_stress_excluded
lineage_CD4_T	CD4_T	ING4	down	-0.567225778394406	Gate6b_persistent_stress_excluded
lineage_CD4_T	CD4_T	NCBP2-AS2	down	-0.717026944433303	Gate6b_persistent_stress_excluded
lineage_CD4_T	CD4_T	ZNF12	down	-0.702622941346082	Gate6b_persistent_stress_excluded
lineage_CD4_T	CD4_T	NANS	up	0.622047718262815	Gate6b_persistent_stress_excluded
lineage_CD4_T	CD4_T	ADTRP	down	-0.53128191449625	Gate6b_persistent_stress_excluded
lineage_CD4_T	CD4_T	EHMT2	down	-0.45059805674911	Gate6b_persistent_stress_excluded
lineage_CD4_T	CD4_T	TOPORS	up	0.52565169606025	Gate6b_persistent_stress_excluded
lineage_CD4_T	CD4_T	ATP8B2	down	-0.62309025880802	Gate6b_persistent_stress_excluded
lineage_CD4_T	CD4_T	HSPA9	up	0.431637693927718	Gate6b_persistent_stress_excluded
lineage_CD4_T	CD4_T	MAPKAPK5-AS1	down	-0.482085940192518	Gate6b_persistent_stress_excluded
lineage_CD4_T	CD4_T	TLE3	up	0.5324136796139	Gate6b_persistent_stress_excluded
lineage_CD4_T	CD4_T	DNAJB9	up	0.603804666313175	Gate6b_persistent_stress_excluded
lineage_CD4_T	CD4_T	ZC3H12D	up	0.852441080894704	Gate6b_persistent_stress_excluded
lineage_CD4_T	CD4_T	LYRM2	down	-0.435049575767433	Gate6b_persistent_stress_excluded
lineage_CD4_T	CD4_T	PLEKHA1	down	-0.403657069860492	Gate6b_persistent_stress_excluded
lineage_CD4_T	CD4_T	TNIP1	up	0.383746748293699	Gate6b_persistent_stress_excluded
lineage_CD4_T	CD4_T	RGP1	down	-0.46846709834562	Gate6b_persistent_stress_excluded
lineage_CD4_T	CD4_T	SLC25A5	up	0.310325065776346	Gate6b_persistent_stress_excluded
lineage_CD4_T	CD4_T	ILF3-AS1	down	-0.48254354143169	Gate6b_persistent_stress_excluded
lineage_CD4_T	CD4_T	PPP1CB	up	0.402458240751375	Gate6b_persistent_stress_excluded
lineage_CD4_T	CD4_T	DDX21	up	0.347040932400418	Gate6b_persistent_stress_excluded
lineage_CD4_T	CD4_T	CYTIP	up	0.391455441715098	Gate6b_persistent_stress_excluded
lineage_CD4_T	CD4_T	CTA-29F11.1	up	0.471011731676952	Gate6b_persistent_stress_excluded
lineage_CD4_T	CD4_T	C16orf54	down	-0.506574893503747	Gate6b_persistent_stress_excluded
lineage_CD4_T	CD4_T	ZNF302	down	-0.463852068099893	Gate6b_persistent_stress_excluded
lineage_CD4_T	CD4_T	SRSF3	up	0.352133557760518	Gate6b_persistent_stress_excluded
lineage_CD4_T	CD4_T	CD44	up	0.334936083101771	Gate6b_persistent_stress_excluded
lineage_CD4_T	CD4_T	RP1-39G22.7	down	-0.80090630207851	Gate6b_persistent_stress_excluded
lineage_CD4_T	CD4_T	ARHGAP9	up	0.431222401965705	Gate6b_persistent_stress_excluded
lineage_CD4_T	CD4_T	FAM133B	up	0.308463019330436	Gate6b_persistent_stress_excluded
lineage_CD4_T	CD4_T	CHIC2	up	0.346084933949437	Gate6b_persistent_stress_excluded
lineage_CD4_T	CD4_T	CEBPZ-AS1	down	-0.360638956806993	Gate6b_persistent_stress_excluded
lineage_CD4_T	CD4_T	DGKA	down	-0.431669219047322	Gate6b_persistent_stress_excluded
lineage_CD4_T	CD4_T	NXT1	up	0.469812963887234	Gate6b_persistent_stress_excluded
lineage_CD4_T	CD4_T	AIM1	up	0.571616093140975	Gate6b_persistent_stress_excluded
lineage_CD4_T	CD4_T	MED29	up	0.378164470456944	Gate6b_persistent_stress_excluded
lineage_CD4_T	CD4_T	G3BP2	up	0.461846101734759	Gate6b_persistent_stress_excluded
lineage_CD4_T	CD4_T	NOP58	up	0.305558349095145	Gate6b_persistent_stress_excluded
lineage_CD4_T	CD4_T	RAB30-AS1	down	-0.506292855401465	Gate6b_persistent_stress_excluded
lineage_CD4_T	CD4_T	DNAJB11	up	0.391424249292613	Gate6b_persistent_stress_excluded
lineage_CD4_T	CD4_T	HSPA8	up	0.345879894157599	Gate6b_persistent_stress_excluded
lineage_CD4_T	CD4_T	IRF7	up	0.400355776608831	Gate6b_persistent_stress_excluded
lineage_CD4_T	CD4_T	ZKSCAN1	down	-0.470085121588536	Gate6b_persistent_stress_excluded
lineage_CD4_T	CD4_T	GPBP1	up	0.293869322460239	Gate6b_persistent_stress_excluded
lineage_CD4_T	CD4_T	SNHG10	down	-0.680919070800479	Gate6b_persistent_stress_excluded
lineage_CD4_T	CD4_T	FBLN7	up	0.478288673902042	Gate6b_persistent_stress_excluded
lineage_CD4_T	CD4_T	SLC3A2	up	0.450745953261093	Gate6b_persistent_stress_excluded
lineage_CD4_T	CD4_T	IMP3	down	-0.355708816371962	Gate6b_persistent_stress_excluded
lineage_CD4_T	CD4_T	EMB	up	0.28050017962053	Gate6b_persistent_stress_excluded
lineage_CD4_T	CD4_T	AC084018.1	down	-0.491209676560259	Gate6b_persistent_stress_excluded
lineage_CD4_T	CD4_T	HECA	up	0.333801459482928	Gate6b_persistent_stress_excluded
lineage_CD4_T	CD4_T	ENY2	up	0.271418478524115	Gate6b_persistent_stress_excluded
lineage_CD4_T	CD4_T	MASTL	up	0.799921141958824	Gate6b_persistent_stress_excluded
lineage_CD4_T	CD4_T	ZNF791	up	0.389698474938528	Gate6b_persistent_stress_excluded
lineage_CD4_T	CD4_T	CDKL3	up	0.503015616338251	Gate6b_persistent_stress_excluded
lineage_CD4_T	CD4_T	LAX1	up	0.49516865988567	Gate6b_persistent_stress_excluded
lineage_CD4_T	CD4_T	SCNM1	down	-0.384080283509116	Gate6b_persistent_stress_excluded
lineage_CD4_T	CD4_T	YIPF4	down	-0.361598625898495	Gate6b_persistent_stress_excluded
lineage_CD4_T	CD4_T	MRP63	down	-0.276341574261154	Gate6b_persistent_stress_excluded
lineage_CD4_T	CD4_T	SETD7	up	0.726294770494038	Gate6b_persistent_stress_excluded
lineage_CD4_T	CD4_T	BOLA1	down	-0.601009510442986	Gate6b_persistent_stress_excluded
lineage_CD4_T	CD4_T	NRBF2	up	0.447370121617922	Gate6b_persistent_stress_excluded
lineage_CD4_T	CD4_T	STAU1	up	0.352895442697167	Gate6b_persistent_stress_excluded
lineage_CD4_T	CD4_T	SULT1A1	down	-0.590344977171681	Gate6b_persistent_stress_excluded
lineage_CD4_T	CD4_T	ICA1L	down	-0.602341227140181	Gate6b_persistent_stress_excluded
lineage_CD4_T	CD4_T	DSEL	down	-0.704709299976285	Gate6b_persistent_stress_excluded
lineage_CD4_T	CD4_T	STAT6	down	-0.42453880594172	Gate6b_persistent_stress_excluded
lineage_CD4_T	CD4_T	PPP1R3E	down	-0.618906264464763	Gate6b_persistent_stress_excluded
lineage_CD4_T	CD4_T	MTMR4	down	-0.452182519993939	Gate6b_persistent_stress_excluded
lineage_CD4_T	CD4_T	CYB561D1	down	-0.699041071613741	Gate6b_persistent_stress_excluded
lineage_CD4_T	CD4_T	NAPEPLD	down	-0.583225254047219	Gate6b_persistent_stress_excluded
lineage_CD4_T	CD4_T	PPM1N	down	-0.579726682859566	Gate6b_persistent_stress_excluded
lineage_CD4_T	CD4_T	RNF125	up	0.540492723347131	Gate6b_persistent_stress_excluded
lineage_CD4_T	CD4_T	SLFN5	down	-0.312907652726137	Gate6b_persistent_stress_excluded
lineage_CD4_T	CD4_T	SH2D3A	down	-0.488932119646106	Gate6b_persistent_stress_excluded
lineage_CD4_T	CD4_T	CD96	up	0.318155822496753	Gate6b_persistent_stress_excluded
lineage_CD4_T	CD4_T	YES1	up	0.711519093039158	Gate6b_persistent_stress_excluded
lineage_CD4_T	CD4_T	DOK2	up	0.400410628956258	Gate6b_persistent_stress_excluded
lineage_CD4_T	CD4_T	GIMAP6	down	-0.48739613453475	Gate6b_persistent_stress_excluded
lineage_CD4_T	CD4_T	PRDX1	up	0.295131207623961	Gate6b_persistent_stress_excluded
lineage_CD4_T	CD4_T	CIB1	up	0.260176959004324	Gate6b_persistent_stress_excluded
lineage_CD4_T	CD4_T	FAM46A	up	0.572694825618059	Gate6b_persistent_stress_excluded
lineage_CD4_T	CD4_T	LINC00861	down	-0.974323400264656	Gate6b_persistent_stress_excluded
lineage_CD4_T	CD4_T	PNPLA8	up	0.471661849619636	Gate6b_persistent_stress_excluded
lineage_CD4_T	CD4_T	TMEM50A	up	0.270800042515498	Gate6b_persistent_stress_excluded
lineage_CD4_T	CD4_T	WDR47	up	0.769917919962356	Gate6b_persistent_stress_excluded
lineage_CD4_T	CD4_T	SNRPB	up	0.289959727667439	Gate6b_persistent_stress_excluded
lineage_CD4_T	CD4_T	C2orf68	down	-0.493477149371548	Gate6b_persistent_stress_excluded
lineage_CD4_T	CD4_T	KIF5B	up	0.315905496764481	Gate6b_persistent_stress_excluded
lineage_CD4_T	CD4_T	ATXN7L3B	down	-0.366033803909111	Gate6b_persistent_stress_excluded
lineage_CD4_T	CD4_T	COQ10B	up	0.387524419474779	Gate6b_persistent_stress_excluded
lineage_CD4_T	CD4_T	CCDC47	up	0.370083508418738	Gate6b_persistent_stress_excluded
lineage_CD4_T	CD4_T	ELMOD3	down	-0.376023754621976	Gate6b_persistent_stress_excluded
lineage_CD4_T	CD4_T	CHRAC1	up	0.408710467138967	Gate6b_persistent_stress_excluded
lineage_CD4_T	CD4_T	DDX17	down	-0.271183136035778	Gate6b_persistent_stress_excluded
lineage_CD4_T	CD4_T	CDC25B	down	-0.462836578762045	Gate6b_persistent_stress_excluded
lineage_CD4_T	CD4_T	FTSJ2	down	-0.490642108785468	Gate6b_persistent_stress_excluded
lineage_CD4_T	CD4_T	KIF13B	up	0.626563558253246	Gate6b_persistent_stress_excluded
lineage_CD4_T	CD4_T	NFATC1	up	0.422357033476025	Gate6b_persistent_stress_excluded
lineage_CD4_T	CD4_T	CCDC107	up	0.332873953445412	Gate6b_persistent_stress_excluded
lineage_CD4_T	CD4_T	LPXN	up	0.331200610634789	Gate6b_persistent_stress_excluded
lineage_CD4_T	CD4_T	DDX1	down	-0.445264000928564	Gate6b_persistent_stress_excluded
lineage_CD4_T	CD4_T	ATF6B	down	-0.297460301764778	Gate6b_persistent_stress_excluded
lineage_CD4_T	CD4_T	FAM118A	up	0.335792520340564	Gate6b_persistent_stress_excluded
lineage_CD4_T	CD4_T	JAGN1	down	-0.332767045045727	Gate6b_persistent_stress_excluded
lineage_CD4_T	CD4_T	ZNF350	down	-0.471585229808095	Gate6b_persistent_stress_excluded
lineage_CD4_T	CD4_T	RP11-473M20.7	down	-0.51677102633912	Gate6b_persistent_stress_excluded
lineage_CD4_T	CD4_T	HIST1H1D	down	-0.407399420229724	Gate6b_persistent_stress_excluded
lineage_CD4_T	CD4_T	ZNF561	down	-0.50756365232393	Gate6b_persistent_stress_excluded
lineage_CD4_T	CD4_T	DCLRE1C	down	-0.391018800167503	Gate6b_persistent_stress_excluded
lineage_CD4_T	CD4_T	PCF11	up	0.304712565273008	Gate6b_persistent_stress_excluded
lineage_CD4_T	CD4_T	CMTM6	up	0.267334887708843	Gate6b_persistent_stress_excluded
lineage_CD4_T	CD4_T	PKM	up	0.348599650899355	Gate6b_persistent_stress_excluded
lineage_CD4_T	CD4_T	PNKP	down	-0.33233593946343	Gate6b_persistent_stress_excluded
lineage_CD4_T	CD4_T	RASA4	down	-0.629447983993099	Gate6b_persistent_stress_excluded
lineage_CD4_T	CD4_T	EML4	up	0.297239238939405	Gate6b_persistent_stress_excluded
lineage_CD4_T	CD4_T	LINC00909	down	-0.467062741087516	Gate6b_persistent_stress_excluded
lineage_CD4_T	CD4_T	AL592183.1	down	-0.32965145238727	Gate6b_persistent_stress_excluded
lineage_CD4_T	CD4_T	EID2B	down	-0.530360877363612	Gate6b_persistent_stress_excluded
lineage_CD4_T	CD4_T	ZNF169	down	-0.697530497503404	Gate6b_persistent_stress_excluded
lineage_CD4_T	CD4_T	TMBIM6	up	0.294754090652439	Gate6b_persistent_stress_excluded
lineage_CD4_T	CD4_T	ZNF514	down	-0.709288750142269	Gate6b_persistent_stress_excluded
lineage_CD4_T	CD4_T	hsa-mir-8072	down	-0.745700422261593	Gate6b_persistent_stress_excluded
lineage_CD4_T	CD4_T	ACTG1	up	0.226589853344687	Gate6b_persistent_stress_excluded
lineage_CD4_T	CD4_T	ZNF493	down	-0.515610998419819	Gate6b_persistent_stress_excluded
lineage_CD4_T	CD4_T	FAM122C	up	0.515040996833446	Gate6b_persistent_stress_excluded
lineage_CD4_T	CD4_T	PPCS	down	-0.329950206086644	Gate6b_persistent_stress_excluded
lineage_CD4_T	CD4_T	ZBTB21	up	0.758757801241223	Gate6b_persistent_stress_excluded
lineage_CD4_T	CD4_T	SAP18	up	0.248831499862862	Gate6b_persistent_stress_excluded
lineage_CD4_T	CD4_T	VDAC1	up	0.27527117606117	Gate6b_persistent_stress_excluded
lineage_CD4_T	CD4_T	NUP160	down	-0.355354391695005	Gate6b_persistent_stress_excluded
lineage_CD4_T	CD4_T	MAZ	up	0.41194269845702	Gate6b_persistent_stress_excluded
lineage_CD4_T	CD4_T	MZF1	down	-0.42829944376658	Gate6b_persistent_stress_excluded
lineage_CD4_T	CD4_T	RP5-1180E21.5	down	-0.593735902739359	Gate6b_persistent_stress_excluded
lineage_CD4_T	CD4_T	RNF170	down	-0.418013069844678	Gate6b_persistent_stress_excluded
lineage_CD4_T	CD4_T	RP11-139H15.1	down	-0.444299512718562	Gate6b_persistent_stress_excluded
lineage_CD4_T	CD4_T	C16orf80	up	0.412150425144511	Gate6b_persistent_stress_excluded
lineage_CD4_T	CD4_T	HNRNPA0	up	0.292551821121179	Gate6b_persistent_stress_excluded
lineage_CD4_T	CD4_T	ARSG	down	-0.411732953089136	Gate6b_persistent_stress_excluded
lineage_CD4_T	CD4_T	GBP3	down	-0.442940143237708	Gate6b_persistent_stress_excluded
lineage_CD4_T	CD4_T	SLC19A3	down	-0.643212454045756	Gate6b_persistent_stress_excluded
lineage_CD4_T	CD4_T	GTF2H2	down	-0.425689026604548	Gate6b_persistent_stress_excluded
lineage_CD4_T	CD4_T	RP11-1399P15.1	up	0.440742826335359	Gate6b_persistent_stress_excluded
lineage_CD4_T	CD4_T	RBPJ	up	0.510777727505509	Gate6b_persistent_stress_excluded
lineage_CD4_T	CD4_T	TMBIM1	up	0.369108648571679	Gate6b_persistent_stress_excluded
lineage_CD4_T	CD4_T	ST3GAL1	up	0.314723838703784	Gate6b_persistent_stress_excluded
lineage_CD4_T	CD4_T	WDR89	down	-0.493419605077042	Gate6b_persistent_stress_excluded
lineage_CD4_T	CD4_T	C1orf131	down	-0.410702397471681	Gate6b_persistent_stress_excluded
lineage_CD4_T	CD4_T	LIMD2	down	-0.279527831656987	Gate6b_persistent_stress_excluded
lineage_CD4_T	CD4_T	SBDS	up	0.37389834408573	Gate6b_persistent_stress_excluded
lineage_CD4_T	CD4_T	THEM4	down	-0.306377049115575	Gate6b_persistent_stress_excluded
lineage_CD4_T	CD4_T	PLCE1	down	-0.637353335113584	Gate6b_persistent_stress_excluded
lineage_CD4_T	CD4_T	ESYT1	down	-0.283755202917381	Gate6b_persistent_stress_excluded
lineage_CD4_T	CD4_T	ISOC1	up	0.466210875820947	Gate6b_persistent_stress_excluded
lineage_CD4_T	CD4_T	EI24	down	-0.321522206497975	Gate6b_persistent_stress_excluded
lineage_CD4_T	CD4_T	ZNF33B	down	-0.383568202372727	Gate6b_persistent_stress_excluded
lineage_CD4_T	CD4_T	RBM12B	down	-0.452525025039592	Gate6b_persistent_stress_excluded
lineage_CD4_T	CD4_T	PIM3	up	0.830368376041669	Gate6b_persistent_stress_excluded
lineage_CD4_T	CD4_T	CASP2	down	-0.367923146104555	Gate6b_persistent_stress_excluded
lineage_CD4_T	CD4_T	SGMS1	up	0.457414568855619	Gate6b_persistent_stress_excluded
lineage_CD4_T	CD4_T	CTA-292E10.6	down	-0.536963724191238	Gate6b_persistent_stress_excluded
lineage_CD4_T	CD4_T	ST3GAL2	down	-0.505790073583555	Gate6b_persistent_stress_excluded
lineage_CD4_T	CD4_T	WDR73	down	-0.387286143871022	Gate6b_persistent_stress_excluded
lineage_CD4_T	CD4_T	TMEM66	up	0.269262942531145	Gate6b_persistent_stress_excluded
lineage_CD4_T	CD4_T	ZNF766	down	-0.480801107543434	Gate6b_persistent_stress_excluded
lineage_CD4_T	CD4_T	PHF19	up	0.435552977370699	Gate6b_persistent_stress_excluded
lineage_CD4_T	CD4_T	B3GALT4	down	-0.486105823192867	Gate6b_persistent_stress_excluded
lineage_CD4_T	CD4_T	MRPS18C	down	-0.325062992865077	Gate6b_persistent_stress_excluded
lineage_CD4_T	CD4_T	LL22NC03-2H8.5	down	-0.541878420176305	Gate6b_persistent_stress_excluded
lineage_CD4_T	CD4_T	PSMD5-AS1	down	-0.391920941514042	Gate6b_persistent_stress_excluded
lineage_CD4_T	CD4_T	AC104532.4	down	-0.462402111087049	Gate6b_persistent_stress_excluded
lineage_CD4_T	CD4_T	RPS10	down	-0.2896930807264	Gate6b_persistent_stress_excluded
lineage_CD4_T	CD4_T	GALT	down	-0.344252178206572	Gate6b_persistent_stress_excluded
lineage_CD4_T	CD4_T	TMEM109	up	0.358813699917818	Gate6b_persistent_stress_excluded
lineage_CD4_T	CD4_T	AES	down	-0.323236773049419	Gate6b_persistent_stress_excluded
lineage_CD4_T	CD4_T	RP11-473M20.14	down	-0.660442386647276	Gate6b_persistent_stress_excluded
lineage_CD4_T	CD4_T	MED23	down	-0.486155798353815	Gate6b_persistent_stress_excluded
lineage_CD4_T	CD4_T	ARRDC2	up	0.519893739213981	Gate6b_persistent_stress_excluded
lineage_CD4_T	CD4_T	TRA2A	up	0.279840394335757	Gate6b_persistent_stress_excluded
lineage_CD4_T	CD4_T	NOP56	up	0.274364966295018	Gate6b_persistent_stress_excluded
lineage_CD4_T	CD4_T	ISG20	up	0.220292746967729	Gate6b_persistent_stress_excluded
lineage_CD4_T	CD4_T	ARHGAP30	down	-0.2446208205206	Gate6b_persistent_stress_excluded
lineage_CD4_T	CD4_T	YME1L1	up	0.354111835180274	Gate6b_persistent_stress_excluded
lineage_CD4_T	CD4_T	CLPTM1	up	0.39694250923018	Gate6b_persistent_stress_excluded
lineage_CD4_T	CD4_T	CES2	down	-0.47784974861733	Gate6b_persistent_stress_excluded
lineage_CD4_T	CD4_T	UBL4A	down	-0.391198959200808	Gate6b_persistent_stress_excluded
lineage_CD4_T	CD4_T	ZNF576	down	-0.471983658200084	Gate6b_persistent_stress_excluded
lineage_CD4_T	CD4_T	LEPROTL1	up	0.262211146884006	Gate6b_persistent_stress_excluded
lineage_CD4_T	CD4_T	C19orf25	down	-0.29779217160442	Gate6b_persistent_stress_excluded
lineage_CD4_T	CD4_T	RP5-1057J7.6	down	-0.799174040165146	Gate6b_persistent_stress_excluded
lineage_CD4_T	CD4_T	LRRN3	down	-0.682052391241456	Gate6b_persistent_stress_excluded
lineage_CD4_T	CD4_T	RP11-442H21.2	up	0.672449312637221	Gate6b_persistent_stress_excluded
lineage_CD4_T	CD4_T	EWSR1	up	0.245585596491055	Gate6b_persistent_stress_excluded
lineage_CD4_T	CD4_T	PIM2	up	0.303446368054951	Gate6b_persistent_stress_excluded
lineage_CD4_T	CD4_T	MX1	up	0.370927894345067	Gate6b_persistent_stress_excluded
lineage_CD4_T	CD4_T	NXF1	up	0.416813055314384	Gate6b_persistent_stress_excluded
lineage_CD4_T	CD4_T	KIAA0907	down	-0.321593168328143	Gate6b_persistent_stress_excluded
lineage_CD4_T	CD4_T	TRMT10B	down	-0.366800145533387	Gate6b_persistent_stress_excluded
lineage_CD4_T	CD4_T	ASXL2	up	0.366999072142719	Gate6b_persistent_stress_excluded
lineage_CD4_T	CD4_T	TCP1	up	0.337813552086419	Gate6b_persistent_stress_excluded
lineage_CD4_T	CD4_T	RTN3	up	0.310253827319326	Gate6b_persistent_stress_excluded
lineage_CD4_T	CD4_T	ZNF507	down	-0.562568472245108	Gate6b_persistent_stress_excluded
lineage_CD4_T	CD4_T	LAPTM5	up	0.21960880802683	Gate6b_persistent_stress_excluded
lineage_CD4_T	CD4_T	RP11-658F2.8	down	-0.651728717114922	Gate6b_persistent_stress_excluded
lineage_CD4_T	CD4_T	IFIT5	down	-0.506287342997864	Gate6b_persistent_stress_excluded
lineage_CD4_T	CD4_T	LENG8-AS1	down	-0.832527906374391	Gate6b_persistent_stress_excluded
lineage_CD4_T	CD4_T	PPP4R2	up	0.336989204421485	Gate6b_persistent_stress_excluded
lineage_CD4_T	CD4_T	ZNF611	down	-0.483146602630047	Gate6b_persistent_stress_excluded
lineage_CD4_T	CD4_T	DDX5	up	0.20136200685338	Gate6b_persistent_stress_excluded
lineage_CD4_T	CD4_T	ZBED5	down	-0.320788802755765	Gate6b_persistent_stress_excluded
lineage_CD4_T	CD4_T	TMEM68	down	-0.42362791135262	Gate6b_persistent_stress_excluded
lineage_CD4_T	CD4_T	BIRC2	up	0.259270791555852	Gate6b_persistent_stress_excluded
lineage_CD4_T	CD4_T	NUP43	down	-0.475074998777088	Gate6b_persistent_stress_excluded
lineage_CD4_T	CD4_T	UBE2B	up	0.264071739588845	Gate6b_persistent_stress_excluded
lineage_CD4_T	CD4_T	RBM39	up	0.234797003682674	Gate6b_persistent_stress_excluded
lineage_CD4_T	CD4_T	RP4-758J18.2	down	-0.518736455426684	Gate6b_persistent_stress_excluded
lineage_CD4_T	CD4_T	PLAC8	down	-0.298177632307368	Gate6b_persistent_stress_excluded
lineage_CD4_T	CD4_T	PDDC1	down	-0.477201255049937	Gate6b_persistent_stress_excluded
lineage_CD4_T	CD4_T	TMA16	down	-0.290523324715078	Gate6b_persistent_stress_excluded
lineage_CD4_T	CD4_T	NHP2L1	up	0.234166741145567	Gate6b_persistent_stress_excluded
lineage_CD4_T	CD4_T	PLAT	up	0.743325379760801	Gate6b_persistent_stress_excluded
lineage_CD4_T	CD4_T	MB21D1	up	0.49072850470896	Gate6b_persistent_stress_excluded
lineage_CD4_T	CD4_T	FOXO1	up	0.382145976243595	Gate6b_persistent_stress_excluded
lineage_CD4_T	CD4_T	TMEM11	down	-0.429185254335296	Gate6b_persistent_stress_excluded
lineage_CD4_T	CD4_T	FANCF	down	-0.585457396500486	Gate6b_persistent_stress_excluded
lineage_CD4_T	CD4_T	RPP38	down	-0.378194128688426	Gate6b_persistent_stress_excluded
lineage_CD4_T	CD4_T	RALB	up	0.425113089820017	Gate6b_persistent_stress_excluded
lineage_CD4_T	CD4_T	STK4	up	0.283959996510643	Gate6b_persistent_stress_excluded
lineage_CD4_T	CD4_T	ZNF583	down	-0.480468458206846	Gate6b_persistent_stress_excluded
lineage_CD4_T	CD4_T	NSUN5	down	-0.469452167147224	Gate6b_persistent_stress_excluded
lineage_CD4_T	CD4_T	NSUN3	down	-0.41432977873464	Gate6b_persistent_stress_excluded
lineage_CD4_T	CD4_T	MAP1LC3B2	up	0.478323981239625	Gate6b_persistent_stress_excluded
lineage_CD4_T	CD4_T	TACC1	up	0.293481965495579	Gate6b_persistent_stress_excluded
lineage_CD4_T	CD4_T	ALOX5AP	up	0.251820696132039	Gate6b_persistent_stress_excluded
lineage_CD4_T	CD4_T	ARRDC5	down	-0.542167181946204	Gate6b_persistent_stress_excluded
lineage_CD4_T	CD4_T	AK3	down	-0.322891011945212	Gate6b_persistent_stress_excluded
lineage_CD4_T	CD4_T	BIN3	down	-0.348374290834046	Gate6b_persistent_stress_excluded
lineage_CD4_T	CD4_T	RSRC2	up	0.209660356919264	Gate6b_persistent_stress_excluded
lineage_CD4_T	CD4_T	NOL12	down	-0.322532740169382	Gate6b_persistent_stress_excluded
lineage_CD4_T	CD4_T	EXOG	down	-0.379614080845805	Gate6b_persistent_stress_excluded
lineage_CD4_T	CD4_T	TMEM209	down	-0.458699712856012	Gate6b_persistent_stress_excluded
lineage_CD4_T	CD4_T	NAAA	down	-0.326483931495395	Gate6b_persistent_stress_excluded
lineage_CD4_T	CD4_T	SH2D1A	up	0.285801684863298	Gate6b_persistent_stress_excluded
lineage_CD4_T	CD4_T	GSK3B	up	0.316680935097526	Gate6b_persistent_stress_excluded
lineage_CD4_T	CD4_T	SKI	up	0.429978209330138	Gate6b_persistent_stress_excluded
lineage_CD4_T	CD4_T	VCP	up	0.326604497762837	Gate6b_persistent_stress_excluded
lineage_CD4_T	CD4_T	PURA	down	-0.365528782032154	Gate6b_persistent_stress_excluded
lineage_CD4_T	CD4_T	ZNF701	down	-0.447400134689086	Gate6b_persistent_stress_excluded
lineage_CD4_T	CD4_T	ZNHIT6	down	-0.39341354456828	Gate6b_persistent_stress_excluded
lineage_CD4_T	CD4_T	DEDD2	up	0.335797341089726	Gate6b_persistent_stress_excluded
lineage_CD4_T	CD4_T	RBBP6	up	0.269325693998343	Gate6b_persistent_stress_excluded
lineage_CD4_T	CD4_T	FBXO7	up	0.244638787028821	Gate6b_persistent_stress_excluded
lineage_CD4_T	CD4_T	CRTC2	up	0.447174964785105	Gate6b_persistent_stress_excluded
lineage_CD4_T	CD4_T	MIEF1	down	-0.464002752423016	Gate6b_persistent_stress_excluded
lineage_CD4_T	CD4_T	DNTTIP2	up	0.279952249965165	Gate6b_persistent_stress_excluded
lineage_CD4_T	CD4_T	EAPP	down	-0.285377905564961	Gate6b_persistent_stress_excluded
lineage_CD4_T	CD4_T	KRT1	down	-0.750469841182877	Gate6b_persistent_stress_excluded
lineage_CD4_T	CD4_T	RBM43	down	-0.410357324008116	Gate6b_persistent_stress_excluded
lineage_CD4_T	CD4_T	NDEL1	up	0.362701596830433	Gate6b_persistent_stress_excluded
lineage_CD4_T	CD4_T	COX19	down	-0.296730991295335	Gate6b_persistent_stress_excluded
lineage_CD4_T	CD4_T	CBR4	down	-0.375913515435967	Gate6b_persistent_stress_excluded
lineage_CD4_T	CD4_T	ESCO1	down	-0.268774937193734	Gate6b_persistent_stress_excluded
lineage_CD4_T	CD4_T	DBT	down	-0.361707368256837	Gate6b_persistent_stress_excluded
lineage_CD4_T	CD4_T	CHD2	up	0.245267347286951	Gate6b_persistent_stress_excluded
lineage_CD4_T	CD4_T	CHCHD3	up	0.29748221501087	Gate6b_persistent_stress_excluded
lineage_CD4_T	CD4_T	NFKB1	up	0.350233438712106	Gate6b_persistent_stress_excluded
lineage_CD4_T	CD4_T	SMCHD1	up	0.312734222636336	Gate6b_persistent_stress_excluded
lineage_CD4_T	CD4_T	ENOSF1	down	-0.308331777411395	Gate6b_persistent_stress_excluded
lineage_CD4_T	CD4_T	ASXL1	up	0.350956348960091	Gate6b_persistent_stress_excluded
lineage_CD4_T	CD4_T	CASP10	down	-0.383490256587853	Gate6b_persistent_stress_excluded
lineage_CD4_T	CD4_T	ENTPD1-AS1	down	-0.528554173035345	Gate6b_persistent_stress_excluded
lineage_CD4_T	CD4_T	SLC38A9	down	-0.53791209464197	Gate6b_persistent_stress_excluded
lineage_CD4_T	CD4_T	SPG11	down	-0.294563260820128	Gate6b_persistent_stress_excluded
lineage_CD4_T	CD4_T	LPAR6	down	-0.351079362009056	Gate6b_persistent_stress_excluded
lineage_CD4_T	CD4_T	FBXL15	down	-0.351467359840116	Gate6b_persistent_stress_excluded
lineage_CD4_T	CD4_T	HNRNPA3	up	0.184654752637499	Gate6b_persistent_stress_excluded
lineage_CD4_T	CD4_T	CLEC11A	down	-0.755912913856248	Gate6b_persistent_stress_excluded
lineage_CD4_T	CD4_T	HIST1H2BN	up	0.562515550629071	Gate6b_persistent_stress_excluded
lineage_CD4_T	CD4_T	CD5	up	0.279600757421895	Gate6b_persistent_stress_excluded
lineage_CD4_T	CD4_T	ST7L	up	0.396808605145989	Gate6b_persistent_stress_excluded
lineage_CD4_T	CD4_T	CDK16	up	0.621013818099909	Gate6b_persistent_stress_excluded
lineage_CD4_T	CD4_T	SDE2	up	0.440388685045658	Gate6b_persistent_stress_excluded
lineage_CD4_T	CD4_T	LINC00116	down	-0.276070212281674	Gate6b_persistent_stress_excluded
lineage_CD4_T	CD4_T	C1orf50	down	-0.305232351694701	Gate6b_persistent_stress_excluded
lineage_CD4_T	CD4_T	EXOSC1	down	-0.246859847430306	Gate6b_persistent_stress_excluded
lineage_CD4_T	CD4_T	DDX27	up	0.265414720251619	Gate6b_persistent_stress_excluded
lineage_CD4_T	CD4_T	RGPD5	up	0.576241943204372	Gate6b_persistent_stress_excluded
lineage_CD4_T	CD4_T	RBM6	down	-0.23859166277792	Gate6b_persistent_stress_excluded
lineage_CD4_T	CD4_T	ALAS1	up	0.479639095823259	Gate6b_persistent_stress_excluded
lineage_CD4_T	CD4_T	RANGAP1	up	0.375301098095525	Gate6b_persistent_stress_excluded
lineage_CD4_T	CD4_T	ZNF101	down	-0.336091793956536	Gate6b_persistent_stress_excluded
lineage_CD4_T	CD4_T	EEFSEC	down	-0.369815224172029	Gate6b_persistent_stress_excluded
lineage_CD4_T	CD4_T	GTF2H2C	down	-0.468049566058929	Gate6b_persistent_stress_excluded
lineage_CD4_T	CD4_T	ZNF276	down	-0.326794753943894	Gate6b_persistent_stress_excluded
lineage_CD4_T	CD4_T	CCDC53	up	0.250477828025838	Gate6b_persistent_stress_excluded
lineage_CD4_T	CD4_T	PAFAH1B1	up	0.245272397090389	Gate6b_persistent_stress_excluded
lineage_CD4_T	CD4_T	KIAA1586	down	-0.366108841082089	Gate6b_persistent_stress_excluded
lineage_CD4_T	CD4_T	SFR1	down	-0.326446666941153	Gate6b_persistent_stress_excluded
lineage_CD4_T	CD4_T	THAP11	down	-0.437578745461437	Gate6b_persistent_stress_excluded
lineage_CD4_T	CD4_T	CTD-2368P22.1	down	-0.411768768525733	Gate6b_persistent_stress_excluded
lineage_CD4_T	CD4_T	MMD	up	0.465599060648772	Gate6b_persistent_stress_excluded
lineage_CD4_T	CD4_T	RP11-66N24.4	down	-0.343131648623995	Gate6b_persistent_stress_excluded
lineage_CD4_T	CD4_T	ZNF226	down	-0.32056941417893	Gate6b_persistent_stress_excluded
lineage_CD4_T	CD4_T	ZNF32	down	-0.275559962806073	Gate6b_persistent_stress_excluded
lineage_CD4_T	CD4_T	MTFP1	up	0.472856038135945	Gate6b_persistent_stress_excluded
lineage_CD4_T	CD4_T	PDK1	down	-0.414604784240435	Gate6b_persistent_stress_excluded
lineage_CD4_T	CD4_T	RP3-400N23.6	down	-0.555228165475319	Gate6b_persistent_stress_excluded
lineage_CD4_T	CD4_T	MRPL46	down	-0.381918495070258	Gate6b_persistent_stress_excluded
lineage_CD4_T	CD4_T	RP11-448A19.1	down	-0.596920378262605	Gate6b_persistent_stress_excluded
lineage_CD4_T	CD4_T	MED6	down	-0.261744235813702	Gate6b_persistent_stress_excluded
lineage_CD4_T	CD4_T	HSD17B7	up	0.278527786089291	Gate6b_persistent_stress_excluded
lineage_CD4_T	CD4_T	NBPF1	down	-0.377902347194535	Gate6b_persistent_stress_excluded
lineage_CD4_T	CD4_T	MED21	up	0.281706323415687	Gate6b_persistent_stress_excluded
lineage_CD4_T	CD4_T	VRK2	up	0.380955928360137	Gate6b_persistent_stress_excluded
lineage_CD4_T	CD4_T	ETV6	up	0.423514481471259	Gate6b_persistent_stress_excluded
lineage_CD4_T	CD4_T	THAP3	down	-0.406124616717325	Gate6b_persistent_stress_excluded
lineage_CD4_T	CD4_T	TRIM52-AS1	down	-0.314575314158546	Gate6b_persistent_stress_excluded
lineage_CD4_T	CD4_T	ABT1	down	-0.289426378802401	Gate6b_persistent_stress_excluded
lineage_CD4_T	CD4_T	PFDN6	down	-0.276863829244289	Gate6b_persistent_stress_excluded
lineage_CD4_T	CD4_T	PSMD14	up	0.28128930418571	Gate6b_persistent_stress_excluded
lineage_CD4_T	CD4_T	PRPS1	up	0.280633042846851	Gate6b_persistent_stress_excluded
lineage_CD4_T	CD4_T	DDAH2	up	0.431897261967806	Gate6b_persistent_stress_excluded
lineage_CD4_T	CD4_T	LINC00847	down	-0.489798157537433	Gate6b_persistent_stress_excluded
lineage_CD4_T	CD4_T	PIK3R1	up	0.354372403121735	Gate6b_persistent_stress_excluded
lineage_CD4_T	CD4_T	MDM4	down	-0.280732338071356	Gate6b_persistent_stress_excluded
lineage_CD4_T	CD4_T	C6orf120	down	-0.340117844008632	Gate6b_persistent_stress_excluded
lineage_CD4_T	CD4_T	PTMA	up	0.166729009898392	Gate6b_persistent_stress_excluded
lineage_CD4_T	CD4_T	MPC2	up	0.220527291225734	Gate6b_persistent_stress_excluded
lineage_CD4_T	CD4_T	GADD45GIP1	down	-0.277421779753211	Gate6b_persistent_stress_excluded
lineage_CD4_T	CD4_T	PTPN13	up	0.556876217379994	Gate6b_persistent_stress_excluded
lineage_CD4_T	CD4_T	LBH	up	0.212695154776463	Gate6b_persistent_stress_excluded
lineage_CD4_T	CD4_T	PIGM	down	-0.491430732401485	Gate6b_persistent_stress_excluded
lineage_CD4_T	CD4_T	RABL2B	down	-0.304388510227352	Gate6b_persistent_stress_excluded
lineage_CD4_T	CD4_T	SLC35C2	down	-0.245410285986859	Gate6b_persistent_stress_excluded
lineage_CD4_T	CD4_T	SQRDL	up	0.26988855011213	Gate6b_persistent_stress_excluded
lineage_CD4_T	CD4_T	ARIH1	up	0.345804488700483	Gate6b_persistent_stress_excluded
lineage_CD4_T	CD4_T	IREB2	down	-0.274857405666479	Gate6b_persistent_stress_excluded
lineage_CD4_T	CD4_T	TMEM260	down	-0.374535802215706	Gate6b_persistent_stress_excluded
lineage_CD4_T	CD4_T	GPRIN3	up	0.263297418945548	Gate6b_persistent_stress_excluded
lineage_CD4_T	CD4_T	RP1-29C18.10	down	-0.54153462240222	Gate6b_persistent_stress_excluded
lineage_CD4_T	CD4_T	C11orf57	down	-0.280886170801208	Gate6b_persistent_stress_excluded
lineage_CD4_T	CD4_T	CNPY4	down	-0.358614495090778	Gate6b_persistent_stress_excluded
lineage_CD4_T	CD4_T	EZH1	down	-0.254869652679468	Gate6b_persistent_stress_excluded
lineage_CD4_T	CD4_T	GNAI3	up	0.306541700602675	Gate6b_persistent_stress_excluded
lineage_CD4_T	CD4_T	FAM217B	down	-0.314243398259017	Gate6b_persistent_stress_excluded
lineage_CD4_T	CD4_T	TBCD	up	0.392554747769431	Gate6b_persistent_stress_excluded
lineage_CD4_T	CD4_T	CDK5RAP1	up	0.360115898230772	Gate6b_persistent_stress_excluded
lineage_CD4_T	CD4_T	RNF138	up	0.292092913461683	Gate6b_persistent_stress_excluded
lineage_CD4_T	CD4_T	C12orf73	down	-0.413095547756072	Gate6b_persistent_stress_excluded
lineage_CD4_T	CD4_T	S1PR1	down	-0.319384192836849	Gate6b_persistent_stress_excluded
lineage_CD4_T	CD4_T	ACAT2	up	0.296042735555633	Gate6b_persistent_stress_excluded
lineage_CD4_T	CD4_T	ASB8	down	-0.292466182130862	Gate6b_persistent_stress_excluded
lineage_CD4_T	CD4_T	TRIM39	up	0.419981284362561	Gate6b_persistent_stress_excluded
lineage_CD4_T	CD4_T	NNT	down	-0.344758086983577	Gate6b_persistent_stress_excluded
lineage_CD4_T	CD4_T	FOXK1	down	-0.298811407268243	Gate6b_persistent_stress_excluded
lineage_CD4_T	CD4_T	PFKP	up	0.329402052069673	Gate6b_persistent_stress_excluded
lineage_CD4_T	CD4_T	LIAS	down	-0.350221860965157	Gate6b_persistent_stress_excluded
lineage_CD4_T	CD4_T	AC132872.2	up	0.604791869902998	Gate6b_persistent_stress_excluded
lineage_CD4_T	CD4_T	C6orf226	down	-0.317401509209415	Gate6b_persistent_stress_excluded
lineage_CD4_T	CD4_T	CREBBP	up	0.226346138597766	Gate6b_persistent_stress_excluded
lineage_CD4_T	CD4_T	FRG1B	down	-0.248546840923395	Gate6b_persistent_stress_excluded
lineage_CD4_T	CD4_T	SP140	up	0.233018746936504	Gate6b_persistent_stress_excluded
lineage_CD4_T	CD4_T	RLF	up	0.342547877198446	Gate6b_persistent_stress_excluded
lineage_CD4_T	CD4_T	CFDP1	down	-0.24529919470298	Gate6b_persistent_stress_excluded
lineage_CD4_T	CD4_T	DDX3Y	up	0.278167509395547	Gate6b_persistent_stress_excluded
lineage_CD4_T	CD4_T	UBE2W	up	0.276418630078187	Gate6b_persistent_stress_excluded
lineage_CD4_T	CD4_T	ASCC1	up	0.349631124735636	Gate6b_persistent_stress_excluded
lineage_CD4_T	CD4_T	RPP25L	down	-0.319621824975546	Gate6b_persistent_stress_excluded
lineage_CD4_T	CD4_T	ZEB1	up	0.263209284494161	Gate6b_persistent_stress_excluded
lineage_CD4_T	CD4_T	IL11RA	down	-0.404234579646627	Gate6b_persistent_stress_excluded
lineage_CD4_T	CD4_T	ST8SIA4	up	0.346879629121618	Gate6b_persistent_stress_excluded
lineage_CD4_T	CD4_T	NXPE3	down	-0.258419796993848	Gate6b_persistent_stress_excluded
lineage_CD4_T	CD4_T	AC062017.1	down	-0.461373272971371	Gate6b_persistent_stress_excluded
lineage_CD4_T	CD4_T	MAP3K1	down	-0.272930720726664	Gate6b_persistent_stress_excluded
lineage_CD4_T	CD4_T	P4HA1	up	0.3883870007571	Gate6b_persistent_stress_excluded
lineage_CD4_T	CD4_T	ZNF3	down	-0.354566103239995	Gate6b_persistent_stress_excluded
lineage_CD4_T	CD4_T	TXNRD1	up	0.327639790443517	Gate6b_persistent_stress_excluded
lineage_CD4_T	CD4_T	GCHFR	up	0.226585294423198	Gate6b_persistent_stress_excluded
lineage_CD4_T	CD4_T	THRA	down	-0.39210912877095	Gate6b_persistent_stress_excluded
lineage_CD4_T	CD4_T	NPRL3	down	-0.315495899655093	Gate6b_persistent_stress_excluded
lineage_CD4_T	CD4_T	RP11-66N11.8	down	-0.534888311838359	Gate6b_persistent_stress_excluded
lineage_CD4_T	CD4_T	EVI2A	up	0.180668453892706	Gate6b_persistent_stress_excluded
lineage_CD4_T	CD4_T	CTC1	down	-0.472014007521893	Gate6b_persistent_stress_excluded
lineage_CD4_T	CD4_T	METTL12	up	0.278340006681859	Gate6b_persistent_stress_excluded
lineage_CD4_T	CD4_T	FOXN2	up	0.269406737964051	Gate6b_persistent_stress_excluded
lineage_CD4_T	CD4_T	STK24	up	0.264999807063512	Gate6b_persistent_stress_excluded
lineage_CD4_T	CD4_T	ZNF836	down	-0.380151963235088	Gate6b_persistent_stress_excluded
lineage_CD4_T	CD4_T	DNPH1	up	0.323478749356478	Gate6b_persistent_stress_excluded
lineage_CD4_T	CD4_T	DNMT3A	down	-0.306284752199695	Gate6b_persistent_stress_excluded
lineage_CD4_T	CD4_T	CDKN2AIP	up	0.250720265662675	Gate6b_persistent_stress_excluded
lineage_CD4_T	CD4_T	MED11	down	-0.266079998835206	Gate6b_persistent_stress_excluded
lineage_CD4_T	CD4_T	YAE1D1	down	-0.588395706089828	Gate6b_persistent_stress_excluded
lineage_CD4_T	CD4_T	KANSL2	up	0.284332917761927	Gate6b_persistent_stress_excluded
lineage_CD4_T	CD4_T	MRPS12	down	-0.231542271541159	Gate6b_persistent_stress_excluded
lineage_CD4_T	CD4_T	C5orf28	down	-0.307737869054141	Gate6b_persistent_stress_excluded
lineage_CD4_T	CD4_T	SYTL1	down	-0.354983575448517	Gate6b_persistent_stress_excluded
lineage_CD4_T	CD4_T	NARFL	down	-0.310404055736432	Gate6b_persistent_stress_excluded
lineage_CD4_T	CD4_T	POLR2K	up	0.202910619645728	Gate6b_persistent_stress_excluded
lineage_CD4_T	CD4_T	CC2D2A	up	0.570409966149052	Gate6b_persistent_stress_excluded
lineage_CD4_T	CD4_T	TSPAN18	down	-0.352804949939185	Gate6b_persistent_stress_excluded
lineage_CD4_T	CD4_T	C21orf2	down	-0.306824481457441	Gate6b_persistent_stress_excluded
lineage_CD4_T	CD4_T	NOC3L	down	-0.306679094293538	Gate6b_persistent_stress_excluded
lineage_CD4_T	CD4_T	GEMIN6	down	-0.306543505845419	Gate6b_persistent_stress_excluded
lineage_CD4_T	CD4_T	LSR	up	0.380676515146511	Gate6b_persistent_stress_excluded
lineage_CD4_T	CD4_T	SHPRH	down	-0.249528968131612	Gate6b_persistent_stress_excluded
lineage_CD4_T	CD4_T	GIPC1	up	0.405404888578394	Gate6b_persistent_stress_excluded
lineage_CD4_T	CD4_T	RPL36A	down	-0.300822991027351	Gate6b_persistent_stress_excluded
lineage_CD4_T	CD4_T	RP11-332H14.2	down	-0.393617103171028	Gate6b_persistent_stress_excluded
lineage_CD4_T	CD4_T	ZSCAN16-AS1	down	-0.311436477538596	Gate6b_persistent_stress_excluded
lineage_CD4_T	CD4_T	TAGAP	up	0.247077358443947	Gate6b_persistent_stress_excluded
lineage_CD4_T	CD4_T	AQP3	up	0.208571152769316	Gate6b_persistent_stress_excluded
lineage_CD4_T	CD4_T	IL12RB1	up	0.22198947815972	Gate6b_persistent_stress_excluded
lineage_CD4_T	CD4_T	MAPRE1	up	0.223419664447762	Gate6b_persistent_stress_excluded
lineage_CD4_T	CD4_T	ADIPOR1	up	0.234810292051838	Gate6b_persistent_stress_excluded
lineage_CD4_T	CD4_T	DIDO1	down	-0.267165807438347	Gate6b_persistent_stress_excluded
lineage_CD4_T	CD4_T	NME6	down	-0.259822557898436	Gate6b_persistent_stress_excluded
lineage_CD4_T	CD4_T	RHBDL1	down	-0.62966782201896	Gate6b_persistent_stress_excluded
lineage_CD4_T	CD4_T	C14orf28	down	-0.469130533001544	Gate6b_persistent_stress_excluded
lineage_CD4_T	CD4_T	AC142528.1	down	-0.661897859112729	Gate6b_persistent_stress_excluded
lineage_CD4_T	CD4_T	RP4-575N6.4	down	-0.366928708889756	Gate6b_persistent_stress_excluded
lineage_CD4_T	CD4_T	GPI	up	0.259962844554808	Gate6b_persistent_stress_excluded
lineage_CD4_T	CD4_T	SRP54	up	0.229413766528544	Gate6b_persistent_stress_excluded
lineage_CD4_T	CD4_T	TM2D1	down	-0.182417786630791	Gate6b_persistent_stress_excluded
lineage_CD4_T	CD4_T	SMYD4	down	-0.262462953968543	Gate6b_persistent_stress_excluded
lineage_CD4_T	CD4_T	HK1	up	0.261270247411874	Gate6b_persistent_stress_excluded
lineage_CD4_T	CD4_T	TOM1L2	down	-0.33688678179911	Gate6b_persistent_stress_excluded
lineage_CD4_T	CD4_T	KIAA1377	down	-0.362171115857075	Gate6b_persistent_stress_excluded
lineage_CD4_T	CD4_T	STRADB	down	-0.415513624714778	Gate6b_persistent_stress_excluded
lineage_CD4_T	CD4_T	CD68	up	0.688103219101918	Gate6b_persistent_stress_excluded
lineage_CD4_T	CD4_T	ZBED4	up	0.435932157394848	Gate6b_persistent_stress_excluded
lineage_CD4_T	CD4_T	DPEP2	down	-0.329311228464856	Gate6b_persistent_stress_excluded
lineage_CD4_T	CD4_T	ADSS	up	0.209833259093856	Gate6b_persistent_stress_excluded
lineage_CD4_T	CD4_T	C22orf29	down	-0.333289887164369	Gate6b_persistent_stress_excluded
lineage_CD4_T	CD4_T	METTL3	down	-0.262502650007357	Gate6b_persistent_stress_excluded
lineage_CD4_T	CD4_T	NRROS	down	-0.407610150136957	Gate6b_persistent_stress_excluded
lineage_CD4_T	CD4_T	PDHA1	up	0.277890910402101	Gate6b_persistent_stress_excluded
lineage_CD4_T	CD4_T	TTC33	up	0.356419115016623	Gate6b_persistent_stress_excluded
lineage_CD4_T	CD4_T	SIMC1	down	-0.380717341547292	Gate6b_persistent_stress_excluded
lineage_CD4_T	CD4_T	DDX42	down	-0.257459599471787	Gate6b_persistent_stress_excluded
lineage_CD4_T	CD4_T	GNL1	up	0.221743201911399	Gate6b_persistent_stress_excluded
lineage_CD4_T	CD4_T	RP11-110G21.1	down	-0.445590899556907	Gate6b_persistent_stress_excluded
lineage_CD4_T	CD4_T	ATF7IP	up	0.219501516269198	Gate6b_persistent_stress_excluded
lineage_CD4_T	CD4_T	ZNF445	down	-0.344768505500422	Gate6b_persistent_stress_excluded
lineage_CD4_T	CD4_T	TRIM26	up	0.302902487499984	Gate6b_persistent_stress_excluded
lineage_CD4_T	CD4_T	SMAD5	down	-0.282416067942963	Gate6b_persistent_stress_excluded
lineage_CD4_T	CD4_T	RP11-354P11.3	down	-0.48091248597441	Gate6b_persistent_stress_excluded
lineage_CD4_T	CD4_T	COPA	up	0.264480490336143	Gate6b_persistent_stress_excluded
lineage_CD4_T	CD4_T	RBM41	down	-0.278617632553809	Gate6b_persistent_stress_excluded
lineage_CD4_T	CD4_T	RASA3	down	-0.246429565779723	Gate6b_persistent_stress_excluded
lineage_CD4_T	CD4_T	EEF1G	down	-0.406948187514486	Gate6b_persistent_stress_excluded
lineage_CD4_T	CD4_T	UBA3	down	-0.225673243743636	Gate6b_persistent_stress_excluded
lineage_CD4_T	CD4_T	INTS8	down	-0.210462764600627	Gate6b_persistent_stress_excluded
lineage_CD4_T	CD4_T	PDPR	down	-0.407677742774634	Gate6b_persistent_stress_excluded
lineage_CD4_T	CD4_T	DHRS7B	down	-0.29140655845204	Gate6b_persistent_stress_excluded
lineage_CD4_T	CD4_T	C5orf55	down	-0.398507847288576	Gate6b_persistent_stress_excluded
lineage_CD4_T	CD4_T	TMEM14A	up	0.190449585068003	Gate6b_persistent_stress_excluded
lineage_CD4_T	CD4_T	ANTXR2	up	0.210317857932351	Gate6b_persistent_stress_excluded
lineage_CD8_CTL	CD8_CTL	TNF	up	1.61454974288938	Gate6b_persistent_stress_excluded
lineage_CD8_CTL	CD8_CTL	NR4A1	up	3.04344050785946	Gate6b_persistent_stress_excluded
lineage_CD8_CTL	CD8_CTL	BTG2	up	1.44028211466605	Gate6b_persistent_stress_excluded
lineage_CD8_CTL	CD8_CTL	CCL4L2	up	1.6708930721277	Gate6b_persistent_stress_excluded
lineage_CD8_CTL	CD8_CTL	ITM2C	up	1.36439672537838	Gate6b_persistent_stress_excluded
lineage_CD8_CTL	CD8_CTL	SERTAD1	up	1.67247744847444	Gate6b_persistent_stress_excluded
lineage_CD8_CTL	CD8_CTL	CPNE7	up	2.05886976745175	Gate6b_persistent_stress_excluded
lineage_CD8_CTL	CD8_CTL	PPP1R14B	up	1.83816456907221	Gate6b_persistent_stress_excluded
lineage_CD8_CTL	CD8_CTL	TNFAIP3	up	1.8693212320158	Gate6b_persistent_stress_excluded
lineage_CD8_CTL	CD8_CTL	TSC22D3	up	0.839770821871419	Gate6b_persistent_stress_excluded
lineage_CD8_CTL	CD8_CTL	TSC22D2	up	1.31572626503033	Gate6b_persistent_stress_excluded
lineage_CD8_CTL	CD8_CTL	CCL4L1	up	2.09413148969621	Gate6b_persistent_stress_excluded
lineage_CD8_CTL	CD8_CTL	UBC	up	0.896698966292304	Gate6b_persistent_stress_excluded
lineage_CD8_CTL	CD8_CTL	RGS16	up	2.26760039401627	Gate6b_persistent_stress_excluded
lineage_CD8_CTL	CD8_CTL	RILPL2	up	0.84735079285627	Gate6b_persistent_stress_excluded
lineage_CD8_CTL	CD8_CTL	ZFP36L1	up	0.682105488395985	Gate6b_persistent_stress_excluded
lineage_CD8_CTL	CD8_CTL	ETV3	up	0.959372728953606	Gate6b_persistent_stress_excluded
lineage_CD8_CTL	CD8_CTL	NFKBID	up	1.50595497492796	Gate6b_persistent_stress_excluded
lineage_CD8_CTL	CD8_CTL	RGS2	up	1.79472672033706	Gate6b_persistent_stress_excluded
lineage_CD8_CTL	CD8_CTL	FAM177A1	up	1.08140898522469	Gate6b_persistent_stress_excluded
lineage_CD8_CTL	CD8_CTL	NEU1	up	1.31377652636607	Gate6b_persistent_stress_excluded
lineage_CD8_CTL	CD8_CTL	NR4A2	up	2.86222055983863	Gate6b_persistent_stress_excluded
lineage_CD8_CTL	CD8_CTL	RGCC	up	1.18956341250526	Gate6b_persistent_stress_excluded
lineage_CD8_CTL	CD8_CTL	ERF	up	1.22772254056813	Gate6b_persistent_stress_excluded
lineage_CD8_CTL	CD8_CTL	CSRNP1	up	1.97388515007542	Gate6b_persistent_stress_excluded
lineage_CD8_CTL	CD8_CTL	PER1	up	1.37416597863493	Gate6b_persistent_stress_excluded
lineage_CD8_CTL	CD8_CTL	ID2	up	0.510103428850762	Gate6b_persistent_stress_excluded
lineage_CD8_CTL	CD8_CTL	HEXIM1	up	1.06591076119554	Gate6b_persistent_stress_excluded
lineage_CD8_CTL	CD8_CTL	ZNF331	up	1.85368413919264	Gate6b_persistent_stress_excluded
lineage_CD8_CTL	CD8_CTL	NFKBIZ	up	0.890630488006709	Gate6b_persistent_stress_excluded
lineage_CD8_CTL	CD8_CTL	DYNLL1	up	0.690158118107488	Gate6b_persistent_stress_excluded
lineage_CD8_CTL	CD8_CTL	PTGER4	up	0.861983560762808	Gate6b_persistent_stress_excluded
lineage_CD8_CTL	CD8_CTL	SLC2A3	up	0.988354616317866	Gate6b_persistent_stress_excluded
lineage_CD8_CTL	CD8_CTL	GTPBP1	up	0.926055879667999	Gate6b_persistent_stress_excluded
lineage_CD8_CTL	CD8_CTL	HSPA5	up	0.637278078306562	Gate6b_persistent_stress_excluded
lineage_CD8_CTL	CD8_CTL	LINC-PINT	up	0.638032231334298	Gate6b_persistent_stress_excluded
lineage_CD8_CTL	CD8_CTL	UBB	up	0.481647983615409	Gate6b_persistent_stress_excluded
lineage_CD8_CTL	CD8_CTL	EIF4A1	up	0.514822996425079	Gate6b_persistent_stress_excluded
lineage_CD8_CTL	CD8_CTL	AREG	up	2.32692305087375	Gate6b_persistent_stress_excluded
lineage_CD8_CTL	CD8_CTL	ANXA1	up	0.44056046426598	Gate6b_persistent_stress_excluded
lineage_CD8_CTL	CD8_CTL	RP11-473M20.7	down	-0.743119500161683	Gate6b_persistent_stress_excluded
lineage_CD8_CTL	CD8_CTL	CLK1	up	0.475999244532285	Gate6b_persistent_stress_excluded
lineage_CD8_CTL	CD8_CTL	PLIN2	up	0.66447226744497	Gate6b_persistent_stress_excluded
lineage_CD8_CTL	CD8_CTL	H3F3B	up	0.464391601459979	Gate6b_persistent_stress_excluded
lineage_CD8_CTL	CD8_CTL	MPZL3	up	0.960159147881904	Gate6b_persistent_stress_excluded
lineage_CD8_CTL	CD8_CTL	KLF6	up	0.578464516625087	Gate6b_persistent_stress_excluded
lineage_CD8_CTL	CD8_CTL	PIK3R3	up	1.18968773397836	Gate6b_persistent_stress_excluded
lineage_CD8_CTL	CD8_CTL	PLAC8	down	-0.775406550188886	Gate6b_persistent_stress_excluded
lineage_CD8_CTL	CD8_CTL	XCL1	up	0.933097761622678	Gate6b_persistent_stress_excluded
lineage_CD8_CTL	CD8_CTL	TMEM2	up	1.10698809681036	Gate6b_persistent_stress_excluded
lineage_CD8_CTL	CD8_CTL	ZFP36L2	up	0.632596745824414	Gate6b_persistent_stress_excluded
lineage_CD8_CTL	CD8_CTL	PRMT10	up	0.764584391306411	Gate6b_persistent_stress_excluded
lineage_CD8_CTL	CD8_CTL	CCL3	up	1.56608500003788	Gate6b_persistent_stress_excluded
lineage_CD8_CTL	CD8_CTL	C1orf63	up	0.449356514066028	Gate6b_persistent_stress_excluded
lineage_CD8_CTL	CD8_CTL	CYCS	up	0.481696873473961	Gate6b_persistent_stress_excluded
lineage_CD8_CTL	CD8_CTL	CD69	up	0.776879148473685	Gate6b_persistent_stress_excluded
lineage_CD8_CTL	CD8_CTL	OAT	up	0.773143385302207	Gate6b_persistent_stress_excluded
lineage_CD8_CTL	CD8_CTL	PLEKHA1	down	-0.666219793310155	Gate6b_persistent_stress_excluded
lineage_CD8_CTL	CD8_CTL	SLC25A45	down	-0.649828978597985	Gate6b_persistent_stress_excluded
lineage_CD8_CTL	CD8_CTL	AC016831.7	up	0.677518648434738	Gate6b_persistent_stress_excluded
lineage_CD8_CTL	CD8_CTL	GADD45A	up	0.805831311334389	Gate6b_persistent_stress_excluded
lineage_CD8_CTL	CD8_CTL	ZNF302	down	-0.537383033515411	Gate6b_persistent_stress_excluded
lineage_CD8_CTL	CD8_CTL	CYTH4	down	-0.53627379497351	Gate6b_persistent_stress_excluded
lineage_CD8_CTL	CD8_CTL	CHMP1B	up	0.755723228722176	Gate6b_persistent_stress_excluded
lineage_CD8_CTL	CD8_CTL	DNAJB4	up	1.07715644028656	Gate6b_persistent_stress_excluded
lineage_CD8_CTL	CD8_CTL	MORF4L2	up	0.509192136955091	Gate6b_persistent_stress_excluded
lineage_CD8_CTL	CD8_CTL	GIMAP7	down	-0.642442168284447	Gate6b_persistent_stress_excluded
lineage_CD8_CTL	CD8_CTL	TMEM223	down	-0.574960494914031	Gate6b_persistent_stress_excluded
lineage_CD8_CTL	CD8_CTL	TUBA1B	up	0.603532699989615	Gate6b_persistent_stress_excluded
lineage_CD8_CTL	CD8_CTL	MYLIP	up	0.530580782799586	Gate6b_persistent_stress_excluded
lineage_CD8_CTL	CD8_CTL	GIMAP6	down	-0.635924341648862	Gate6b_persistent_stress_excluded
lineage_CD8_CTL	CD8_CTL	NAF1	up	0.989736218078786	Gate6b_persistent_stress_excluded
lineage_CD8_CTL	CD8_CTL	SYAP1	up	0.628811777297599	Gate6b_persistent_stress_excluded
lineage_CD8_CTL	CD8_CTL	LAPTM5	up	0.352166347105636	Gate6b_persistent_stress_excluded
lineage_CD8_CTL	CD8_CTL	EIF1	up	0.292672078245003	Gate6b_persistent_stress_excluded
lineage_CD8_CTL	CD8_CTL	GIMAP4	down	-0.514164568806834	Gate6b_persistent_stress_excluded
lineage_CD8_CTL	CD8_CTL	TSPYL2	up	0.798164534117885	Gate6b_persistent_stress_excluded
lineage_CD8_CTL	CD8_CTL	DGKA	down	-0.54686554520224	Gate6b_persistent_stress_excluded
lineage_CD8_CTL	CD8_CTL	PAXIP1-AS1	down	-0.658001373749077	Gate6b_persistent_stress_excluded
lineage_CD8_CTL	CD8_CTL	ING4	down	-0.703242048155766	Gate6b_persistent_stress_excluded
lineage_CD8_CTL	CD8_CTL	BCAS2	up	0.497580548632524	Gate6b_persistent_stress_excluded
lineage_CD8_CTL	CD8_CTL	SLFN5	down	-0.472561350522921	Gate6b_persistent_stress_excluded
lineage_CD8_CTL	CD8_CTL	SH2D3A	down	-0.736535571392468	Gate6b_persistent_stress_excluded
lineage_CD8_CTL	CD8_CTL	SNAPC1	up	0.863769180962555	Gate6b_persistent_stress_excluded
lineage_CD8_CTL	CD8_CTL	STK17B	up	0.419658912035835	Gate6b_persistent_stress_excluded
lineage_CD8_CTL	CD8_CTL	ZNF22	down	-0.517453149304135	Gate6b_persistent_stress_excluded
lineage_CD8_CTL	CD8_CTL	NDUFC1	down	-0.423452675060059	Gate6b_persistent_stress_excluded
lineage_CD8_CTL	CD8_CTL	CD44	up	0.397204603820146	Gate6b_persistent_stress_excluded
lineage_CD8_CTL	CD8_CTL	RP11-139H15.1	down	-0.590521216977752	Gate6b_persistent_stress_excluded
lineage_CD8_CTL	CD8_CTL	SLA	up	0.58968017282031	Gate6b_persistent_stress_excluded
lineage_CD8_CTL	CD8_CTL	METTL15	up	0.538434426475205	Gate6b_persistent_stress_excluded
lineage_CD8_CTL	CD8_CTL	DUSP2	up	0.949965276826038	Gate6b_persistent_stress_excluded
lineage_CD8_CTL	CD8_CTL	NCBP2-AS2	down	-0.676050459682387	Gate6b_persistent_stress_excluded
lineage_CD8_CTL	CD8_CTL	TRIM26	up	0.658001162199779	Gate6b_persistent_stress_excluded
lineage_CD8_CTL	CD8_CTL	PGK1	up	0.495706100640961	Gate6b_persistent_stress_excluded
lineage_CD8_CTL	CD8_CTL	GTF2H2	down	-0.548320703695057	Gate6b_persistent_stress_excluded
lineage_CD8_CTL	CD8_CTL	TOPORS	up	0.588174181006762	Gate6b_persistent_stress_excluded
lineage_CD8_CTL	CD8_CTL	PLK3	up	0.788932182506288	Gate6b_persistent_stress_excluded
lineage_CD8_CTL	CD8_CTL	TTC14	down	-0.490589604064514	Gate6b_persistent_stress_excluded
lineage_CD8_CTL	CD8_CTL	ST8SIA4	up	0.544524477833049	Gate6b_persistent_stress_excluded
lineage_CD8_CTL	CD8_CTL	YIPF4	down	-0.398185125557126	Gate6b_persistent_stress_excluded
lineage_CD8_CTL	CD8_CTL	HSPA8	up	0.400486589298213	Gate6b_persistent_stress_excluded
lineage_CD8_CTL	CD8_CTL	AES	down	-0.395759772757604	Gate6b_persistent_stress_excluded
lineage_CD8_CTL	CD8_CTL	TAGAP	up	0.488182306509292	Gate6b_persistent_stress_excluded
lineage_CD8_CTL	CD8_CTL	PDCL3	up	0.693674886558431	Gate6b_persistent_stress_excluded
lineage_CD8_CTL	CD8_CTL	TXNIP	down	-0.623924084664263	Gate6b_persistent_stress_excluded
lineage_CD8_CTL	CD8_CTL	ZNF32	down	-0.447778711068581	Gate6b_persistent_stress_excluded
lineage_CD8_CTL	CD8_CTL	NHLRC3	down	-0.496476153615825	Gate6b_persistent_stress_excluded
lineage_CD8_CTL	CD8_CTL	C12orf44	up	0.562367155843857	Gate6b_persistent_stress_excluded
lineage_CD8_CTL	CD8_CTL	CD55	up	0.536404262303637	Gate6b_persistent_stress_excluded
lineage_CD8_CTL	CD8_CTL	MAZ	up	0.49858265964878	Gate6b_persistent_stress_excluded
lineage_CD8_CTL	CD8_CTL	DNAJB11	up	0.452875458423357	Gate6b_persistent_stress_excluded
lineage_CD8_CTL	CD8_CTL	RP4-758J18.2	down	-0.690912486310422	Gate6b_persistent_stress_excluded
lineage_CD8_CTL	CD8_CTL	EXOSC1	down	-0.384850427583599	Gate6b_persistent_stress_excluded
lineage_CD8_CTL	CD8_CTL	C16orf54	down	-0.570495129812738	Gate6b_persistent_stress_excluded
lineage_CD8_CTL	CD8_CTL	NSUN5	down	-0.46288208019098	Gate6b_persistent_stress_excluded
lineage_CD8_CTL	CD8_CTL	LINC00909	down	-0.585893027258001	Gate6b_persistent_stress_excluded
lineage_CD8_CTL	CD8_CTL	DSEL	down	-0.916821897549433	Gate6b_persistent_stress_excluded
lineage_CD8_CTL	CD8_CTL	PSMD5-AS1	down	-0.445432225394051	Gate6b_persistent_stress_excluded
lineage_CD8_CTL	CD8_CTL	DIDO1	down	-0.453031601855213	Gate6b_persistent_stress_excluded
lineage_CD8_CTL	CD8_CTL	GNAS	up	0.406259421674863	Gate6b_persistent_stress_excluded
lineage_CD8_CTL	CD8_CTL	SIRPG	up	0.456931052756793	Gate6b_persistent_stress_excluded
lineage_CD8_CTL	CD8_CTL	SLC25A5	up	0.35572360245757	Gate6b_persistent_stress_excluded
lineage_CD8_CTL	CD8_CTL	CTD-2037K23.2	down	-0.742786490870843	Gate6b_persistent_stress_excluded
lineage_CD8_CTL	CD8_CTL	AL592183.1	down	-0.389377225327597	Gate6b_persistent_stress_excluded
lineage_CD8_CTL	CD8_CTL	STK4	up	0.348330191422876	Gate6b_persistent_stress_excluded
lineage_CD8_CTL	CD8_CTL	CCNL1	up	0.282508338650025	Gate6b_persistent_stress_excluded
lineage_CD8_CTL	CD8_CTL	PNPLA8	up	0.596871993611839	Gate6b_persistent_stress_excluded
lineage_CD8_CTL	CD8_CTL	LBH	up	0.289181283427059	Gate6b_persistent_stress_excluded
lineage_CD8_CTL	CD8_CTL	POU2F2	down	-0.541774391074056	Gate6b_persistent_stress_excluded
lineage_CD8_CTL	CD8_CTL	SRSF3	up	0.321442778187323	Gate6b_persistent_stress_excluded
lineage_CD8_CTL	CD8_CTL	ARF4	up	0.466405398209312	Gate6b_persistent_stress_excluded
lineage_CD8_CTL	CD8_CTL	VCP	up	0.454757749265766	Gate6b_persistent_stress_excluded
lineage_CD8_CTL	CD8_CTL	RBM14	up	0.480195895147032	Gate6b_persistent_stress_excluded
lineage_CD8_CTL	CD8_CTL	TMBIM6	up	0.283124474206229	Gate6b_persistent_stress_excluded
lineage_CD8_CTL	CD8_CTL	IDI1	up	0.40182683525816	Gate6b_persistent_stress_excluded
lineage_CD8_CTL	CD8_CTL	HSPA9	up	0.404683233347315	Gate6b_persistent_stress_excluded
lineage_CD8_CTL	CD8_CTL	SFPQ	up	0.419315768222094	Gate6b_persistent_stress_excluded
lineage_CD8_CTL	CD8_CTL	TNFAIP8L2	down	-0.845464103338559	Gate6b_persistent_stress_excluded
lineage_CD8_CTL	CD8_CTL	ATP5B	up	0.340841710979402	Gate6b_persistent_stress_excluded
lineage_CD8_CTL	CD8_CTL	MRPL17	down	-0.502807366544559	Gate6b_persistent_stress_excluded
lineage_CD8_CTL	CD8_CTL	P2RY10	up	0.519813298324625	Gate6b_persistent_stress_excluded
lineage_CD8_CTL	CD8_CTL	SLFN11	up	0.74586571537444	Gate6b_persistent_stress_excluded
lineage_CD8_CTL	CD8_CTL	RBM12B	down	-0.558702282475645	Gate6b_persistent_stress_excluded
lineage_CD8_CTL	CD8_CTL	SCNM1	down	-0.388716024749174	Gate6b_persistent_stress_excluded
lineage_CD8_CTL	CD8_CTL	PCF11	up	0.357520109387852	Gate6b_persistent_stress_excluded
lineage_CD8_CTL	CD8_CTL	COQ10B	up	0.406340785957358	Gate6b_persistent_stress_excluded
lineage_CD8_CTL	CD8_CTL	MANEA-AS1	down	-0.653794954976702	Gate6b_persistent_stress_excluded
lineage_CD8_CTL	CD8_CTL	TMEM60	down	-0.674114064330542	Gate6b_persistent_stress_excluded
lineage_CD8_CTL	CD8_CTL	ZNF766	down	-0.558793894365692	Gate6b_persistent_stress_excluded
lineage_CD8_CTL	CD8_CTL	IMP3	down	-0.35693545799793	Gate6b_persistent_stress_excluded
lineage_CD8_CTL	CD8_CTL	B3GALT4	down	-0.571018821036216	Gate6b_persistent_stress_excluded
lineage_CD8_CTL	CD8_CTL	SESN1	down	-0.634400435192209	Gate6b_persistent_stress_excluded
lineage_CD8_CTL	CD8_CTL	ASXL1	up	0.566903865611167	Gate6b_persistent_stress_excluded
lineage_CD8_CTL	CD8_CTL	RP11-356I2.4	up	0.564806287834743	Gate6b_persistent_stress_excluded
lineage_CD8_CTL	CD8_CTL	MYO1F	down	-0.364388218522324	Gate6b_persistent_stress_excluded
lineage_CD8_CTL	CD8_CTL	TMEM66	up	0.281871445480947	Gate6b_persistent_stress_excluded
lineage_CD8_CTL	CD8_CTL	ATF6B	down	-0.30960620603764	Gate6b_persistent_stress_excluded
lineage_CD8_CTL	CD8_CTL	ZC3HAV1	up	0.346910166454729	Gate6b_persistent_stress_excluded
lineage_CD8_CTL	CD8_CTL	SLC35E1	up	0.616031923767034	Gate6b_persistent_stress_excluded
lineage_CD8_CTL	CD8_CTL	THEM4	down	-0.491406271236785	Gate6b_persistent_stress_excluded
lineage_CD8_CTL	CD8_CTL	VDAC1	up	0.359205023150442	Gate6b_persistent_stress_excluded
lineage_CD8_CTL	CD8_CTL	PNKP	down	-0.422191135742816	Gate6b_persistent_stress_excluded
lineage_CD8_CTL	CD8_CTL	SAP18	up	0.264311975633586	Gate6b_persistent_stress_excluded
lineage_CD8_CTL	CD8_CTL	ZBTB24	down	-0.487489228092716	Gate6b_persistent_stress_excluded
lineage_CD8_CTL	CD8_CTL	LAIR1	down	-0.640652444321403	Gate6b_persistent_stress_excluded
lineage_CD8_CTL	CD8_CTL	MEPCE	up	0.662099675041799	Gate6b_persistent_stress_excluded
lineage_CD8_CTL	CD8_CTL	C19orf25	down	-0.344211621262164	Gate6b_persistent_stress_excluded
lineage_CD8_CTL	CD8_CTL	PLP2	up	0.331389915079462	Gate6b_persistent_stress_excluded
lineage_CD8_CTL	CD8_CTL	PKM	up	0.347453176145242	Gate6b_persistent_stress_excluded
lineage_CD8_CTL	CD8_CTL	PXN	down	-0.527876783480925	Gate6b_persistent_stress_excluded
lineage_CD8_CTL	CD8_CTL	SNAPC5	down	-0.486128076459806	Gate6b_persistent_stress_excluded
lineage_CD8_CTL	CD8_CTL	ILF3-AS1	down	-0.41589594614916	Gate6b_persistent_stress_excluded
lineage_CD8_CTL	CD8_CTL	CTD-3184A7.4	down	-0.432265900989698	Gate6b_persistent_stress_excluded
lineage_CD8_CTL	CD8_CTL	NDUFV3	down	-0.426294832475276	Gate6b_persistent_stress_excluded
lineage_CD8_CTL	CD8_CTL	DBF4	up	0.467622973608156	Gate6b_persistent_stress_excluded
lineage_CD8_CTL	CD8_CTL	MRI1	down	-0.515013635576895	Gate6b_persistent_stress_excluded
lineage_CD8_CTL	CD8_CTL	DENND2D	down	-0.307535949154804	Gate6b_persistent_stress_excluded
lineage_CD8_CTL	CD8_CTL	HNRNPA2B1	up	0.250673892614192	Gate6b_persistent_stress_excluded
lineage_CD8_CTL	CD8_CTL	AMD1	up	0.461197152728195	Gate6b_persistent_stress_excluded
lineage_CD8_CTL	CD8_CTL	FBXL15	down	-0.400498547197884	Gate6b_persistent_stress_excluded
lineage_CD8_CTL	CD8_CTL	PTMA	up	0.219554851310473	Gate6b_persistent_stress_excluded
lineage_CD8_CTL	CD8_CTL	DDX17	down	-0.285648841528848	Gate6b_persistent_stress_excluded
lineage_CD8_CTL	CD8_CTL	HIST1H1D	down	-0.571967522259894	Gate6b_persistent_stress_excluded
lineage_CD8_CTL	CD8_CTL	UTP3	down	-0.498173095446128	Gate6b_persistent_stress_excluded
lineage_CD8_CTL	CD8_CTL	HNRNPA0	up	0.256021690326197	Gate6b_persistent_stress_excluded
lineage_CD8_CTL	CD8_CTL	SOD1	up	0.263832744128747	Gate6b_persistent_stress_excluded
lineage_CD8_CTL	CD8_CTL	AK3	down	-0.391682497082325	Gate6b_persistent_stress_excluded
lineage_CD8_CTL	CD8_CTL	CEP78	down	-0.417626904018577	Gate6b_persistent_stress_excluded
lineage_CD8_CTL	CD8_CTL	ENOSF1	down	-0.342493814725136	Gate6b_persistent_stress_excluded
lineage_CD8_CTL	CD8_CTL	RPS10	down	-0.265925216927885	Gate6b_persistent_stress_excluded
lineage_CD8_CTL	CD8_CTL	KIAA0907	down	-0.400873586924327	Gate6b_persistent_stress_excluded
lineage_CD8_CTL	CD8_CTL	GPR132	up	0.479682735866793	Gate6b_persistent_stress_excluded
lineage_CD8_CTL	CD8_CTL	FOXO1	up	0.508786967890655	Gate6b_persistent_stress_excluded
lineage_CD8_CTL	CD8_CTL	EWSR1	up	0.323813308786098	Gate6b_persistent_stress_excluded
lineage_CD8_CTL	CD8_CTL	CHRAC1	up	0.377166920383841	Gate6b_persistent_stress_excluded
lineage_CD8_CTL	CD8_CTL	ELF1	up	0.278263003394781	Gate6b_persistent_stress_excluded
lineage_CD8_CTL	CD8_CTL	TET2	up	0.417993761482926	Gate6b_persistent_stress_excluded
lineage_CD8_CTL	CD8_CTL	CHIC2	up	0.301499506771872	Gate6b_persistent_stress_excluded
lineage_CD8_CTL	CD8_CTL	LENG8	down	-0.468809405386825	Gate6b_persistent_stress_excluded
lineage_CD8_CTL	CD8_CTL	UBQLN2	down	-0.433972108145004	Gate6b_persistent_stress_excluded
lineage_CD8_CTL	CD8_CTL	YDJC	down	-0.461122805221534	Gate6b_persistent_stress_excluded
lineage_CD8_CTL	CD8_CTL	MBP	down	-0.328761446801953	Gate6b_persistent_stress_excluded
lineage_CD8_CTL	CD8_CTL	STMN3	down	-0.459922375722584	Gate6b_persistent_stress_excluded
lineage_CD8_CTL	CD8_CTL	LINC00528	down	-0.662482191952073	Gate6b_persistent_stress_excluded
lineage_CD8_CTL	CD8_CTL	SMAD5	down	-0.497485410834414	Gate6b_persistent_stress_excluded
lineage_CD8_CTL	CD8_CTL	KIF20B	up	0.39191912977136	Gate6b_persistent_stress_excluded
lineage_CD8_CTL	CD8_CTL	MAPKAPK5-AS1	down	-0.432832675893077	Gate6b_persistent_stress_excluded
lineage_CD8_CTL	CD8_CTL	WAC-AS1	down	-0.457015299669765	Gate6b_persistent_stress_excluded
lineage_CD8_CTL	CD8_CTL	MRPL14	down	-0.29684453147857	Gate6b_persistent_stress_excluded
lineage_CD8_CTL	CD8_CTL	MRP63	down	-0.258736099059627	Gate6b_persistent_stress_excluded
lineage_CD8_CTL	CD8_CTL	SNRPB	up	0.279750614536637	Gate6b_persistent_stress_excluded
lineage_CD8_CTL	CD8_CTL	CCNH	up	0.482276001718999	Gate6b_persistent_stress_excluded
lineage_CD8_CTL	CD8_CTL	CYB561D1	down	-0.633522932763435	Gate6b_persistent_stress_excluded
lineage_CD8_CTL	CD8_CTL	WDR73	down	-0.411363060185607	Gate6b_persistent_stress_excluded
lineage_CD8_CTL	CD8_CTL	BIRC2	up	0.318203773125477	Gate6b_persistent_stress_excluded
lineage_CD8_CTL	CD8_CTL	MRPS18C	down	-0.374183642175016	Gate6b_persistent_stress_excluded
lineage_CD8_CTL	CD8_CTL	CDC25B	down	-0.352224296313619	Gate6b_persistent_stress_excluded
lineage_CD8_CTL	CD8_CTL	JMY	up	0.503270709160352	Gate6b_persistent_stress_excluded
lineage_CD8_CTL	CD8_CTL	CHD2	up	0.298621415347938	Gate6b_persistent_stress_excluded
lineage_CD8_CTL	CD8_CTL	S1PR1	down	-0.595895916667808	Gate6b_persistent_stress_excluded
lineage_CD8_CTL	CD8_CTL	CEBPZ-AS1	down	-0.34446985513185	Gate6b_persistent_stress_excluded
lineage_CD8_CTL	CD8_CTL	MDH1	up	0.28208681078655	Gate6b_persistent_stress_excluded
lineage_CD8_CTL	CD8_CTL	CPA5	down	-0.847082446341553	Gate6b_persistent_stress_excluded
lineage_CD8_CTL	CD8_CTL	NFKB2	up	0.587080489975213	Gate6b_persistent_stress_excluded
lineage_CD8_CTL	CD8_CTL	BOLA1	down	-0.574634441251188	Gate6b_persistent_stress_excluded
lineage_CD8_CTL	CD8_CTL	MAP3K2	up	0.332200187309197	Gate6b_persistent_stress_excluded
lineage_CD8_CTL	CD8_CTL	AC010642.1	up	0.346788480370115	Gate6b_persistent_stress_excluded
lineage_CD8_CTL	CD8_CTL	RNF138	up	0.387070610934291	Gate6b_persistent_stress_excluded
lineage_CD8_CTL	CD8_CTL	LMBR1L	up	0.327823874163801	Gate6b_persistent_stress_excluded
lineage_CD8_CTL	CD8_CTL	UBL4A	down	-0.50484660804104	Gate6b_persistent_stress_excluded
lineage_CD8_CTL	CD8_CTL	ATG4B	up	0.356451318748716	Gate6b_persistent_stress_excluded
lineage_CD8_CTL	CD8_CTL	ARMCX3	up	0.318629079415483	Gate6b_persistent_stress_excluded
lineage_CD8_CTL	CD8_CTL	ADIPOR1	up	0.332687799135275	Gate6b_persistent_stress_excluded
lineage_CD8_CTL	CD8_CTL	PRNP	up	0.34011282065715	Gate6b_persistent_stress_excluded
lineage_CD8_CTL	CD8_CTL	KANSL2	up	0.404951372076538	Gate6b_persistent_stress_excluded
lineage_CD8_CTL	CD8_CTL	NRBF2	up	0.365325850040158	Gate6b_persistent_stress_excluded
lineage_CD8_CTL	CD8_CTL	MRPS12	down	-0.259174264883832	Gate6b_persistent_stress_excluded
lineage_CD8_CTL	CD8_CTL	ALG13	up	0.319655694910902	Gate6b_persistent_stress_excluded
lineage_CD8_CTL	CD8_CTL	MKNK2	up	0.386940128103718	Gate6b_persistent_stress_excluded
lineage_CD8_CTL	CD8_CTL	POLM	down	-0.402491078787158	Gate6b_persistent_stress_excluded
lineage_CD8_CTL	CD8_CTL	RASA4	down	-0.579083089571343	Gate6b_persistent_stress_excluded
lineage_CD8_CTL	CD8_CTL	HNRNPK	up	0.194049103227452	Gate6b_persistent_stress_excluded
lineage_CD8_CTL	CD8_CTL	ETFDH	up	0.406472555884616	Gate6b_persistent_stress_excluded
lineage_CD8_CTL	CD8_CTL	GNL1	up	0.381773354133127	Gate6b_persistent_stress_excluded
lineage_CD8_CTL	CD8_CTL	TMEM14A	up	0.332945666671353	Gate6b_persistent_stress_excluded
lineage_CD8_CTL	CD8_CTL	TBCD	up	0.487633608196875	Gate6b_persistent_stress_excluded
lineage_CD8_CTL	CD8_CTL	SDHAF1	down	-0.493802551387869	Gate6b_persistent_stress_excluded
lineage_CD8_CTL	CD8_CTL	MB21D1	up	0.529694643751174	Gate6b_persistent_stress_excluded
lineage_CD8_CTL	CD8_CTL	PAPOLA	up	0.217623531214377	Gate6b_persistent_stress_excluded
lineage_CD8_CTL	CD8_CTL	SRP54	up	0.329322719593508	Gate6b_persistent_stress_excluded
lineage_CD8_CTL	CD8_CTL	HIF1A	up	0.330269964459261	Gate6b_persistent_stress_excluded
lineage_CD8_CTL	CD8_CTL	C1orf131	down	-0.345524484405065	Gate6b_persistent_stress_excluded
lineage_CD8_CTL	CD8_CTL	C2orf68	down	-0.461472112532879	Gate6b_persistent_stress_excluded
lineage_CD8_CTL	CD8_CTL	JAGN1	down	-0.318704592005354	Gate6b_persistent_stress_excluded
lineage_CD8_CTL	CD8_CTL	MIEF1	down	-0.540593235639763	Gate6b_persistent_stress_excluded
lineage_CD8_CTL	CD8_CTL	PILRB	down	-0.313253518565292	Gate6b_persistent_stress_excluded
lineage_CD8_CTL	CD8_CTL	RBM39	up	0.211833895221655	Gate6b_persistent_stress_excluded
lineage_CD8_CTL	CD8_CTL	CTA-292E10.6	down	-0.528285838421443	Gate6b_persistent_stress_excluded
lineage_CD8_CTL	CD8_CTL	RHOT1	down	-0.391740872393143	Gate6b_persistent_stress_excluded
lineage_CD8_CTL	CD8_CTL	EXOG	down	-0.384044326271255	Gate6b_persistent_stress_excluded
lineage_CD8_CTL	CD8_CTL	RP1-313I6.12	up	0.524850226628409	Gate6b_persistent_stress_excluded
lineage_CD8_CTL	CD8_CTL	DOK2	up	0.27536590780886	Gate6b_persistent_stress_excluded
lineage_CD8_CTL	CD8_CTL	DDAH2	up	0.332975876988076	Gate6b_persistent_stress_excluded
lineage_CD8_CTL	CD8_CTL	IREB2	down	-0.313162607018045	Gate6b_persistent_stress_excluded
lineage_CD8_CTL	CD8_CTL	GALT	down	-0.289838958491764	Gate6b_persistent_stress_excluded
lineage_CD8_CTL	CD8_CTL	YME1L1	up	0.288173753788458	Gate6b_persistent_stress_excluded
lineage_CD8_CTL	CD8_CTL	NPRL3	down	-0.372035964664965	Gate6b_persistent_stress_excluded
lineage_CD8_CTL	CD8_CTL	ENO1	up	0.235491654628722	Gate6b_persistent_stress_excluded
lineage_CD8_CTL	CD8_CTL	MED11	down	-0.283072661230372	Gate6b_persistent_stress_excluded
lineage_CD8_CTL	CD8_CTL	TLE4	up	0.287591118709171	Gate6b_persistent_stress_excluded
lineage_CD8_CTL	CD8_CTL	DDX3Y	up	0.323152847244266	Gate6b_persistent_stress_excluded
lineage_CD8_CTL	CD8_CTL	PIK3R1	up	0.298168668711928	Gate6b_persistent_stress_excluded
lineage_CD8_CTL	CD8_CTL	CYTIP	up	0.237965550918992	Gate6b_persistent_stress_excluded
lineage_CD8_CTL	CD8_CTL	DDX21	up	0.236297404798115	Gate6b_persistent_stress_excluded
lineage_CD8_CTL	CD8_CTL	LINC00685	down	-0.344533751401835	Gate6b_persistent_stress_excluded
lineage_CD8_CTL	CD8_CTL	CIB1	up	0.212542754103703	Gate6b_persistent_stress_excluded
lineage_CD8_CTL	CD8_CTL	DHRS7B	down	-0.438626199319238	Gate6b_persistent_stress_excluded
lineage_CD8_CTL	CD8_CTL	PIM2	up	0.351901327390007	Gate6b_persistent_stress_excluded
lineage_CD8_CTL	CD8_CTL	FAM217B	down	-0.354572027150562	Gate6b_persistent_stress_excluded
lineage_CD8_CTL	CD8_CTL	CHCHD3	up	0.328334361932508	Gate6b_persistent_stress_excluded
lineage_CD8_CTL	CD8_CTL	PAF1	up	0.403556298937828	Gate6b_persistent_stress_excluded
lineage_CD8_CTL	CD8_CTL	POLR2J3	down	-0.25135415650144	Gate6b_persistent_stress_excluded
lineage_CD8_CTL	CD8_CTL	ZNF226	down	-0.316141415517098	Gate6b_persistent_stress_excluded
lineage_CD8_CTL	CD8_CTL	FAM102A	up	0.287008563070398	Gate6b_persistent_stress_excluded
lineage_CD8_CTL	CD8_CTL	CCDC107	up	0.19625137237527	Gate6b_persistent_stress_excluded
lineage_CD8_CTL	CD8_CTL	HEATR1	down	-0.372859343182736	Gate6b_persistent_stress_excluded
lineage_CD8_CTL	CD8_CTL	MED31	up	0.295997675357515	Gate6b_persistent_stress_excluded
lineage_CD8_CTL	CD8_CTL	STX7	down	-0.36636285243614	Gate6b_persistent_stress_excluded
lineage_CD8_CTL	CD8_CTL	NIFK-AS1	down	-0.373592395571674	Gate6b_persistent_stress_excluded
lineage_CD8_CTL	CD8_CTL	MAPRE1	up	0.285105345182666	Gate6b_persistent_stress_excluded
lineage_CD8_CTL	CD8_CTL	KIF5B	up	0.253068352810319	Gate6b_persistent_stress_excluded
lineage_CD8_CTL	CD8_CTL	NSMCE4A	down	-0.313126998260141	Gate6b_persistent_stress_excluded
lineage_CD8_CTL	CD8_CTL	TMEM138	down	-0.309090957455224	Gate6b_persistent_stress_excluded
lineage_CD8_CTL	CD8_CTL	ESCO1	down	-0.270134584842007	Gate6b_persistent_stress_excluded
lineage_CD8_CTL	CD8_CTL	STMN1	up	0.383021753206313	Gate6b_persistent_stress_excluded
lineage_CD8_CTL	CD8_CTL	MIEN1	down	-0.217820541586823	Gate6b_persistent_stress_excluded
lineage_CD8_CTL	CD8_CTL	MDM4	down	-0.267871581493072	Gate6b_persistent_stress_excluded
lineage_CD8_CTL	CD8_CTL	RPS6KA1	down	-0.306237356911842	Gate6b_persistent_stress_excluded
lineage_CD8_CTL	CD8_CTL	ZNHIT6	down	-0.322113188685023	Gate6b_persistent_stress_excluded
lineage_CD8_CTL	CD8_CTL	SYTL1	down	-0.367896128049155	Gate6b_persistent_stress_excluded
lineage_CD8_CTL	CD8_CTL	MANF	up	0.241792578773743	Gate6b_persistent_stress_excluded
lineage_CD8_CTL	CD8_CTL	RASA3	down	-0.340744625365646	Gate6b_persistent_stress_excluded
lineage_CD8_CTL	CD8_CTL	RTN3	up	0.308884632885532	Gate6b_persistent_stress_excluded
lineage_CD8_CTL	CD8_CTL	SLMO2	up	0.243849834282513	Gate6b_persistent_stress_excluded
lineage_CD8_CTL	CD8_CTL	SLC35E2B	down	-0.259775353806206	Gate6b_persistent_stress_excluded
lineage_CD8_CTL	CD8_CTL	PFDN1	down	-0.265907731180796	Gate6b_persistent_stress_excluded
lineage_CD8_CTL	CD8_CTL	RPL36A	down	-0.313082975255514	Gate6b_persistent_stress_excluded
lineage_CD8_CTL	CD8_CTL	TMEM109	up	0.272717343333951	Gate6b_persistent_stress_excluded
lineage_CD8_CTL	CD8_CTL	NOL12	down	-0.283176102341203	Gate6b_persistent_stress_excluded
lineage_CD8_CTL	CD8_CTL	ZNF33B	down	-0.314250122707448	Gate6b_persistent_stress_excluded
lineage_CD8_CTL	CD8_CTL	COPA	up	0.258606575759697	Gate6b_persistent_stress_excluded
lineage_CD8_CTL	CD8_CTL	RINL	down	-0.264890865746871	Gate6b_persistent_stress_excluded
lineage_CD8_CTL	CD8_CTL	SUN2	down	-0.24845146202714	Gate6b_persistent_stress_excluded
lineage_CD8_CTL	CD8_CTL	GLTSCR2	down	-0.345553515115422	Gate6b_persistent_stress_excluded
lineage_CD8_CTL	CD8_CTL	YWHAG	up	0.31985792651021	Gate6b_persistent_stress_excluded
lineage_NK_NKT	NK_NKT	CCL4L2	up	1.8137462280265	Gate6b_persistent_stress_excluded
lineage_NK_NKT	NK_NKT	CCL3L1	up	2.4974596275382	Gate6b_persistent_stress_excluded
lineage_NK_NKT	NK_NKT	CSRNP1	up	2.46176368381106	Gate6b_persistent_stress_excluded
lineage_NK_NKT	NK_NKT	RGS2	up	1.72280491769748	Gate6b_persistent_stress_excluded
lineage_NK_NKT	NK_NKT	BTG2	up	1.75220060333123	Gate6b_persistent_stress_excluded
lineage_NK_NKT	NK_NKT	CD69	up	1.09775208093046	Gate6b_persistent_stress_excluded
lineage_NK_NKT	NK_NKT	TSC22D2	up	0.93206992927937	Gate6b_persistent_stress_excluded
lineage_NK_NKT	NK_NKT	C1orf63	up	0.519175803000444	Gate6b_persistent_stress_excluded
lineage_NK_NKT	NK_NKT	TNF	up	1.63132378405697	Gate6b_persistent_stress_excluded
lineage_NK_NKT	NK_NKT	GNAS	up	0.570490642132155	Gate6b_persistent_stress_excluded
lineage_NK_NKT	NK_NKT	ARL4A	up	0.962124151926665	Gate6b_persistent_stress_excluded
lineage_NK_NKT	NK_NKT	CLK1	up	0.474115657584084	Gate6b_persistent_stress_excluded
lineage_NK_NKT	NK_NKT	IRF8	up	0.923615106998293	Gate6b_persistent_stress_excluded
lineage_NK_NKT	NK_NKT	UBC	up	0.572574566248662	Gate6b_persistent_stress_excluded
lineage_NK_NKT	NK_NKT	BIRC3	up	1.21403615650133	Gate6b_persistent_stress_excluded
lineage_NK_NKT	NK_NKT	CHMP1B	up	0.7627098921369	Gate6b_persistent_stress_excluded
lineage_NK_NKT	NK_NKT	SKIL	up	1.41639694428172	Gate6b_persistent_stress_excluded
lineage_NK_NKT	NK_NKT	JMJD6	up	1.22283394055162	Gate6b_persistent_stress_excluded
lineage_NK_NKT	NK_NKT	ZFP36L2	up	0.649644014034315	Gate6b_persistent_stress_excluded
lineage_NK_NKT	NK_NKT	ZFP36	up	1.48953521115132	Gate6b_persistent_stress_excluded
lineage_NK_NKT	NK_NKT	PPP1R10	up	0.679109364211928	Gate6b_persistent_stress_excluded
lineage_NK_NKT	NK_NKT	ARHGAP9	up	0.59767891118927	Gate6b_persistent_stress_excluded
lineage_NK_NKT	NK_NKT	SLA	up	0.580842926546071	Gate6b_persistent_stress_excluded
lineage_NK_NKT	NK_NKT	GIMAP4	down	-0.545011234504009	Gate6b_persistent_stress_excluded
lineage_NK_NKT	NK_NKT	NXT1	up	0.829345407716126	Gate6b_persistent_stress_excluded
lineage_NK_NKT	NK_NKT	TUBA4A	up	0.674152089567442	Gate6b_persistent_stress_excluded
lineage_NK_NKT	NK_NKT	SRSF7	up	0.589570064358617	Gate6b_persistent_stress_excluded
lineage_NK_NKT	NK_NKT	H3F3B	up	0.373319794992015	Gate6b_persistent_stress_excluded
lineage_NK_NKT	NK_NKT	METTL15	up	0.651955437094358	Gate6b_persistent_stress_excluded
lineage_NK_NKT	NK_NKT	GIMAP7	down	-0.727347515663523	Gate6b_persistent_stress_excluded
lineage_NK_NKT	NK_NKT	DDIT4	up	0.486694560423977	Gate6b_persistent_stress_excluded
lineage_NK_NKT	NK_NKT	DNAJA1	up	1.09659619332532	Gate6b_persistent_stress_excluded
lineage_NK_NKT	NK_NKT	CCL3	up	1.17776092359582	Gate6b_persistent_stress_excluded
lineage_NK_NKT	NK_NKT	ZC3HAV1	up	0.477858903742603	Gate6b_persistent_stress_excluded
lineage_NK_NKT	NK_NKT	PIK3R3	up	0.924586889291791	Gate6b_persistent_stress_excluded
lineage_NK_NKT	NK_NKT	AMD1	up	0.5865548608299	Gate6b_persistent_stress_excluded
lineage_NK_NKT	NK_NKT	C12orf44	up	0.666702508375632	Gate6b_persistent_stress_excluded
lineage_NK_NKT	NK_NKT	TMEM2	up	0.889567468219753	Gate6b_persistent_stress_excluded
lineage_NK_NKT	NK_NKT	PLIN2	up	0.642102262403468	Gate6b_persistent_stress_excluded
lineage_NK_NKT	NK_NKT	GIMAP5	down	-0.616590961751625	Gate6b_persistent_stress_excluded
lineage_NK_NKT	NK_NKT	HSPA8	up	0.469252618666442	Gate6b_persistent_stress_excluded
lineage_NK_NKT	NK_NKT	ERF	up	0.988325056738932	Gate6b_persistent_stress_excluded
lineage_NK_NKT	NK_NKT	TMEM66	up	0.329118256494686	Gate6b_persistent_stress_excluded
lineage_NK_NKT	NK_NKT	ZNF331	up	1.93310483449681	Gate6b_persistent_stress_excluded
lineage_NK_NKT	NK_NKT	DUSP2	up	1.06820802300452	Gate6b_persistent_stress_excluded
lineage_NK_NKT	NK_NKT	STAT3	up	0.595000823135484	Gate6b_persistent_stress_excluded
lineage_NK_NKT	NK_NKT	EHD4	up	0.903251297585113	Gate6b_persistent_stress_excluded
lineage_NK_NKT	NK_NKT	SLC25A45	down	-0.563728855136278	Gate6b_persistent_stress_excluded
lineage_NK_NKT	NK_NKT	AREG	up	1.81993456462898	Gate6b_persistent_stress_excluded
lineage_NK_NKT	NK_NKT	CCNL1	up	0.369403141009185	Gate6b_persistent_stress_excluded
lineage_NK_NKT	NK_NKT	SBDS	up	0.435044305932817	Gate6b_persistent_stress_excluded
lineage_NK_NKT	NK_NKT	LAPTM5	up	0.298530927893719	Gate6b_persistent_stress_excluded
lineage_NK_NKT	NK_NKT	NDUFC1	down	-0.503637435896135	Gate6b_persistent_stress_excluded
lineage_NK_NKT	NK_NKT	PTGER4	up	0.600522338443245	Gate6b_persistent_stress_excluded
lineage_NK_NKT	NK_NKT	NDUFB7	down	-0.332056190657464	Gate6b_persistent_stress_excluded
lineage_NK_NKT	NK_NKT	SFPQ	up	0.431507986147989	Gate6b_persistent_stress_excluded
lineage_NK_NKT	NK_NKT	XCL1	up	1.05857394009835	Gate6b_persistent_stress_excluded
lineage_NK_NKT	NK_NKT	IMP3	down	-0.405689728542976	Gate6b_persistent_stress_excluded
lineage_NK_NKT	NK_NKT	CD68	up	1.11971960273149	Gate6b_persistent_stress_excluded
lineage_NK_NKT	NK_NKT	NCBP2-AS2	down	-0.593538118879578	Gate6b_persistent_stress_excluded
lineage_NK_NKT	NK_NKT	SRSF3	up	0.295092466495371	Gate6b_persistent_stress_excluded
lineage_NK_NKT	NK_NKT	DYNLL1	up	0.403391959352479	Gate6b_persistent_stress_excluded
lineage_NK_NKT	NK_NKT	GIMAP6	down	-0.541858983460039	Gate6b_persistent_stress_excluded
lineage_NK_NKT	NK_NKT	MORF4L2	up	0.420857140910595	Gate6b_persistent_stress_excluded
lineage_NK_NKT	NK_NKT	GTPBP1	up	0.794205005023772	Gate6b_persistent_stress_excluded
lineage_NK_NKT	NK_NKT	GPR183	up	0.655482446299823	Gate6b_persistent_stress_excluded
lineage_NK_NKT	NK_NKT	TLE3	up	0.767496543429792	Gate6b_persistent_stress_excluded
lineage_NK_NKT	NK_NKT	TOPORS	up	0.504361322655161	Gate6b_persistent_stress_excluded
lineage_NK_NKT	NK_NKT	MPLKIP	down	-0.40710179498616	Gate6b_persistent_stress_excluded
lineage_NK_NKT	NK_NKT	TXNIP	down	-0.573291552447867	Gate6b_persistent_stress_excluded
lineage_NK_NKT	NK_NKT	TSPYL2	up	0.955204349472304	Gate6b_persistent_stress_excluded
lineage_NK_NKT	NK_NKT	HECA	up	0.513683493875491	Gate6b_persistent_stress_excluded
lineage_NK_NKT	NK_NKT	ING4	down	-0.523717405332919	Gate6b_persistent_stress_excluded
lineage_NK_NKT	NK_NKT	GADD45A	up	0.67248636099477	Gate6b_persistent_stress_excluded
lineage_NK_NKT	NK_NKT	HNRNPA0	up	0.29940963957785	Gate6b_persistent_stress_excluded
lineage_NK_NKT	NK_NKT	STK4	up	0.314246339019719	Gate6b_persistent_stress_excluded
lineage_NK_NKT	NK_NKT	PLEKHO1	up	0.689876010310045	Gate6b_persistent_stress_excluded
lineage_NK_NKT	NK_NKT	IRF7	up	0.389367050184312	Gate6b_persistent_stress_excluded
lineage_NK_NKT	NK_NKT	SLC3A2	up	0.392092350280919	Gate6b_persistent_stress_excluded
lineage_NK_NKT	NK_NKT	DNAJB6	up	0.34678184877934	Gate6b_persistent_stress_excluded
lineage_NK_NKT	NK_NKT	MYLIP	up	0.40867646106002	Gate6b_persistent_stress_excluded
lineage_NK_NKT	NK_NKT	MBP	down	-0.329007407947603	Gate6b_persistent_stress_excluded
lineage_NK_NKT	NK_NKT	RNF168	up	0.435045429491896	Gate6b_persistent_stress_excluded
lineage_NK_NKT	NK_NKT	MMD	up	0.638391159614508	Gate6b_persistent_stress_excluded
lineage_NK_NKT	NK_NKT	P2RY10	up	0.648362633054842	Gate6b_persistent_stress_excluded
lineage_NK_NKT	NK_NKT	RPL22L1	up	0.286259101818101	Gate6b_persistent_stress_excluded
lineage_NK_NKT	NK_NKT	VCL	down	-0.432637764300698	Gate6b_persistent_stress_excluded
lineage_NK_NKT	NK_NKT	TMBIM1	up	0.441970909539599	Gate6b_persistent_stress_excluded
lineage_NK_NKT	NK_NKT	RILPL2	up	0.406326353593166	Gate6b_persistent_stress_excluded
lineage_NK_NKT	NK_NKT	IDI1	up	0.330327336277261	Gate6b_persistent_stress_excluded
lineage_NK_NKT	NK_NKT	ARF4	up	0.406718691289414	Gate6b_persistent_stress_excluded
lineage_NK_NKT	NK_NKT	HSPA5	up	0.356509997836799	Gate6b_persistent_stress_excluded
lineage_NK_NKT	NK_NKT	ARMCX3	up	0.458908696048059	Gate6b_persistent_stress_excluded
lineage_NK_NKT	NK_NKT	USP36	up	0.590092935196241	Gate6b_persistent_stress_excluded
lineage_NK_NKT	NK_NKT	ISG20	up	0.257339335453572	Gate6b_persistent_stress_excluded
lineage_NK_NKT	NK_NKT	USP11	up	0.42219663009466	Gate6b_persistent_stress_excluded
lineage_NK_NKT	NK_NKT	GRPEL1	up	0.407748423559823	Gate6b_persistent_stress_excluded
lineage_NK_NKT	NK_NKT	PIM3	up	0.97377693136265	Gate6b_persistent_stress_excluded
lineage_NK_NKT	NK_NKT	TNFAIP8L2	down	-0.757042097808522	Gate6b_persistent_stress_excluded
lineage_NK_NKT	NK_NKT	NOP58	up	0.352113152418856	Gate6b_persistent_stress_excluded
lineage_NK_NKT	NK_NKT	LINC00909	down	-0.589545688994655	Gate6b_persistent_stress_excluded
lineage_NK_NKT	NK_NKT	RNF139	up	0.519696780392023	Gate6b_persistent_stress_excluded
lineage_NK_NKT	NK_NKT	ZNF75A	down	-0.499701141151758	Gate6b_persistent_stress_excluded
lineage_NK_NKT	NK_NKT	CHIC2	up	0.340182744947108	Gate6b_persistent_stress_excluded
lineage_NK_NKT	NK_NKT	NFKB2	up	0.752807291131674	Gate6b_persistent_stress_excluded
lineage_NK_NKT	NK_NKT	YIPF4	down	-0.306494550120635	Gate6b_persistent_stress_excluded
lineage_NK_NKT	NK_NKT	SLC25A5	up	0.312331762238214	Gate6b_persistent_stress_excluded
lineage_NK_NKT	NK_NKT	CTA-29F11.1	up	0.445584904851205	Gate6b_persistent_stress_excluded
lineage_NK_NKT	NK_NKT	LBH	up	0.245392073588366	Gate6b_persistent_stress_excluded
lineage_NK_NKT	NK_NKT	NRBF2	up	0.39938876836215	Gate6b_persistent_stress_excluded
lineage_NK_NKT	NK_NKT	TUBB	up	0.340945422232042	Gate6b_persistent_stress_excluded
lineage_NK_NKT	NK_NKT	NAF1	up	0.679940172812222	Gate6b_persistent_stress_excluded
lineage_NK_NKT	NK_NKT	RAP1B	down	-0.22609204633661	Gate6b_persistent_stress_excluded
lineage_NK_NKT	NK_NKT	RP11-442H21.2	up	0.751185302460789	Gate6b_persistent_stress_excluded
lineage_NK_NKT	NK_NKT	BIRC2	up	0.314682110478989	Gate6b_persistent_stress_excluded
lineage_NK_NKT	NK_NKT	TMEM223	down	-0.383068179898614	Gate6b_persistent_stress_excluded
lineage_NK_NKT	NK_NKT	CTD-2020K17.1	up	0.499190871069723	Gate6b_persistent_stress_excluded
lineage_NK_NKT	NK_NKT	RP1-313I6.12	up	0.763247742432017	Gate6b_persistent_stress_excluded
lineage_NK_NKT	NK_NKT	DHX36	up	0.272799733876855	Gate6b_persistent_stress_excluded
lineage_NK_NKT	NK_NKT	PPIL2	down	-0.376052815424583	Gate6b_persistent_stress_excluded
lineage_NK_NKT	NK_NKT	ANXA1	up	0.257802223683305	Gate6b_persistent_stress_excluded
lineage_NK_NKT	NK_NKT	VMP1	up	0.34691578840954	Gate6b_persistent_stress_excluded
lineage_NK_NKT	NK_NKT	HSD17B7	up	0.355267693704636	Gate6b_persistent_stress_excluded
lineage_NK_NKT	NK_NKT	RP11-539L10.2	down	-0.581271747781147	Gate6b_persistent_stress_excluded
lineage_NK_NKT	NK_NKT	CYCS	up	0.255567384026581	Gate6b_persistent_stress_excluded
lineage_NK_NKT	NK_NKT	RSRC2	up	0.258896179170226	Gate6b_persistent_stress_excluded
lineage_NK_NKT	NK_NKT	AASDHPPT	down	-0.475152150439419	Gate6b_persistent_stress_excluded
lineage_NK_NKT	NK_NKT	DNTTIP2	up	0.388517065945592	Gate6b_persistent_stress_excluded
lineage_NK_NKT	NK_NKT	BNIP3L	up	0.345938790861586	Gate6b_persistent_stress_excluded
lineage_NK_NKT	NK_NKT	FAM118A	up	0.520808171719433	Gate6b_persistent_stress_excluded
lineage_NK_NKT	NK_NKT	FAM133B	up	0.26317376623482	Gate6b_persistent_stress_excluded
lineage_NK_NKT	NK_NKT	ACTG1	up	0.206849124900383	Gate6b_persistent_stress_excluded
lineage_NK_NKT	NK_NKT	MRPS18C	down	-0.323079119755442	Gate6b_persistent_stress_excluded
lineage_NK_NKT	NK_NKT	OAZ1	up	0.177449506590436	Gate6b_persistent_stress_excluded
lineage_NK_NKT	NK_NKT	EVI2A	up	0.25931031992868	Gate6b_persistent_stress_excluded
lineage_NK_NKT	NK_NKT	ISG20L2	up	0.38886193406781	Gate6b_persistent_stress_excluded
lineage_NK_NKT	NK_NKT	CYTIP	up	0.227800359368242	Gate6b_persistent_stress_excluded
lineage_NK_NKT	NK_NKT	HSPA9	up	0.332125145698365	Gate6b_persistent_stress_excluded
lineage_NK_NKT	NK_NKT	NHLRC3	down	-0.371430880941686	Gate6b_persistent_stress_excluded
lineage_NK_NKT	NK_NKT	POLR2J3	down	-0.282787776285152	Gate6b_persistent_stress_excluded
lineage_NK_NKT	NK_NKT	RBM39	up	0.235529754703091	Gate6b_persistent_stress_excluded
lineage_NK_NKT	NK_NKT	UBB	up	0.214740372418589	Gate6b_persistent_stress_excluded
lineage_NK_NKT	NK_NKT	ASB8	down	-0.389149771876704	Gate6b_persistent_stress_excluded
lineage_NK_NKT	NK_NKT	ELF1	up	0.256482852256005	Gate6b_persistent_stress_excluded
lineage_NK_NKT	NK_NKT	GPBP1	up	0.229123987703776	Gate6b_persistent_stress_excluded
lineage_NK_NKT	NK_NKT	DNPH1	up	0.492514645897372	Gate6b_persistent_stress_excluded
lineage_NK_NKT	NK_NKT	PNPLA8	up	0.364056708732829	Gate6b_persistent_stress_excluded
lineage_NK_NKT	NK_NKT	PPCS	down	-0.333059790369149	Gate6b_persistent_stress_excluded
lineage_NK_NKT	NK_NKT	BAZ1A	up	0.296692584502261	Gate6b_persistent_stress_excluded
lineage_NK_NKT	NK_NKT	CDKL3	up	0.492244158388162	Gate6b_persistent_stress_excluded
lineage_NK_NKT	NK_NKT	HNRNPUL1	up	0.278499820912932	Gate6b_persistent_stress_excluded
lineage_NK_NKT	NK_NKT	LAIR1	down	-0.335000670044733	Gate6b_persistent_stress_excluded
lineage_NK_NKT	NK_NKT	PPP4R2	up	0.313990948573215	Gate6b_persistent_stress_excluded
lineage_NK_NKT	NK_NKT	RARA	up	0.676718760070513	Gate6b_persistent_stress_excluded
lineage_NK_NKT	NK_NKT	MED11	down	-0.353918950804339	Gate6b_persistent_stress_excluded
lineage_NK_NKT	NK_NKT	C19orf25	down	-0.27751176669659	Gate6b_persistent_stress_excluded
lineage_NK_NKT	NK_NKT	SCNM1	down	-0.322148459966503	Gate6b_persistent_stress_excluded
lineage_NK_NKT	NK_NKT	EAPP	down	-0.303901821656379	Gate6b_persistent_stress_excluded
lineage_NK_NKT	NK_NKT	CBR4	down	-0.343592610075018	Gate6b_persistent_stress_excluded
lineage_NK_NKT	NK_NKT	IRF2BPL	up	0.346840095231883	Gate6b_persistent_stress_excluded
lineage_NK_NKT	NK_NKT	RP11-356I2.4	up	0.478387055777599	Gate6b_persistent_stress_excluded
lineage_NK_NKT	NK_NKT	BOLA1	down	-0.505611262740646	Gate6b_persistent_stress_excluded
lineage_NK_NKT	NK_NKT	TMEM70	up	0.327451132630515	Gate6b_persistent_stress_excluded
lineage_NK_NKT	NK_NKT	ATP2B1	up	0.321901814055595	Gate6b_persistent_stress_excluded
lineage_NK_NKT	NK_NKT	LYRM2	down	-0.356590717139222	Gate6b_persistent_stress_excluded
lineage_NK_NKT	NK_NKT	EXOG	down	-0.357242725096487	Gate6b_persistent_stress_excluded
lineage_NK_NKT	NK_NKT	PPP1CB	up	0.267799836342888	Gate6b_persistent_stress_excluded
lineage_NK_NKT	NK_NKT	VDAC1	up	0.243430620618261	Gate6b_persistent_stress_excluded
lineage_NK_NKT	NK_NKT	WAC-AS1	down	-0.511367343041994	Gate6b_persistent_stress_excluded
lineage_NK_NKT	NK_NKT	ARHGAP30	down	-0.20730966469022	Gate6b_persistent_stress_excluded
lineage_NK_NKT	NK_NKT	PYROXD2	down	-0.557560754199686	Gate6b_persistent_stress_excluded
lineage_NK_NKT	NK_NKT	EIF4H	up	0.26939171746059	Gate6b_persistent_stress_excluded
lineage_NK_NKT	NK_NKT	RABGGTB	up	0.289984966538204	Gate6b_persistent_stress_excluded
lineage_NK_NKT	NK_NKT	CTBP2	down	-0.352266011743803	Gate6b_persistent_stress_excluded
lineage_NK_NKT	NK_NKT	WDR45B	up	0.369115811086698	Gate6b_persistent_stress_excluded
lineage_NK_NKT	NK_NKT	ZNF302	down	-0.279088107192243	Gate6b_persistent_stress_excluded
lineage_NK_NKT	NK_NKT	RANBP2	up	0.307989805357011	Gate6b_persistent_stress_excluded
lineage_NK_NKT	NK_NKT	TAF1D	up	0.22575336645548	Gate6b_persistent_stress_excluded
lineage_NK_NKT	NK_NKT	CDKN2AIP	up	0.351597529166382	Gate6b_persistent_stress_excluded
lineage_NK_NKT	NK_NKT	HNRNPA2B1	up	0.184486815231542	Gate6b_persistent_stress_excluded
lineage_NK_NKT	NK_NKT	DENND2D	down	-0.240731072679805	Gate6b_persistent_stress_excluded
lineage_NK_NKT	NK_NKT	LOH12CR1	up	0.390398278449059	Gate6b_persistent_stress_excluded
lineage_NK_NKT	NK_NKT	ZNF606	down	-0.655980239590965	Gate6b_persistent_stress_excluded
lineage_NK_NKT	NK_NKT	BCAS2	up	0.309150227339704	Gate6b_persistent_stress_excluded
lineage_NK_NKT	NK_NKT	SDE2	up	0.538197079603966	Gate6b_persistent_stress_excluded
lineage_NK_NKT	NK_NKT	DDX39A	up	0.270610912478454	Gate6b_persistent_stress_excluded
lineage_NK_NKT	NK_NKT	CCDC28B	down	-0.314368411083727	Gate6b_persistent_stress_excluded
lineage_NK_NKT	NK_NKT	METTL12	up	0.410912509831134	Gate6b_persistent_stress_excluded
lineage_NK_NKT	NK_NKT	MAP3K2	up	0.259881238641087	Gate6b_persistent_stress_excluded
lineage_NK_NKT	NK_NKT	CKS1B	up	0.452721270599531	Gate6b_persistent_stress_excluded
lineage_NK_NKT	NK_NKT	IFNGR1	up	0.307856373381619	Gate6b_persistent_stress_excluded
lineage_NK_NKT	NK_NKT	RPP25L	down	-0.399313142339315	Gate6b_persistent_stress_excluded
lineage_NK_NKT	NK_NKT	ZKSCAN1	down	-0.315518574801822	Gate6b_persistent_stress_excluded
lineage_NK_NKT	NK_NKT	NNT	down	-0.349268654578211	Gate6b_persistent_stress_excluded
lineage_NK_NKT	NK_NKT	CTD-2368P22.1	down	-0.377926235046772	Gate6b_persistent_stress_excluded
lineage_NK_NKT	NK_NKT	TCP1	up	0.281224390133908	Gate6b_persistent_stress_excluded
lineage_NK_NKT	NK_NKT	ST3GAL1	up	0.264381023365432	Gate6b_persistent_stress_excluded
lineage_NK_NKT	NK_NKT	RP11-473M20.7	down	-0.386771692409329	Gate6b_persistent_stress_excluded
lineage_NK_NKT	NK_NKT	POU2F2	down	-0.386184729129998	Gate6b_persistent_stress_excluded
lineage_NK_NKT	NK_NKT	CYTH4	down	-0.28023763158919	Gate6b_persistent_stress_excluded
lineage_NK_NKT	NK_NKT	C7orf49	down	-0.368217841961079	Gate6b_persistent_stress_excluded
lineage_NK_NKT	NK_NKT	AES	down	-0.188705337693644	Gate6b_persistent_stress_excluded
lineage_NK_NKT	NK_NKT	GPKOW	down	-0.362077892872278	Gate6b_persistent_stress_excluded
lineage_NK_NKT	NK_NKT	CEP78	down	-0.225365277913604	Gate6b_persistent_stress_excluded
lineage_NK_NKT	NK_NKT	PTPMT1	down	-0.368014670429367	Gate6b_persistent_stress_excluded
lineage_NK_NKT	NK_NKT	RNF125	up	0.254728247431755	Gate6b_persistent_stress_excluded
lineage_NK_NKT	NK_NKT	MKNK2	up	0.298211096053951	Gate6b_persistent_stress_excluded
lineage_NK_NKT	NK_NKT	STX7	down	-0.263121148137504	Gate6b_persistent_stress_excluded
lineage_NK_NKT	NK_NKT	MRPL46	down	-0.389284911308899	Gate6b_persistent_stress_excluded
lineage_NK_NKT	NK_NKT	SFR1	down	-0.428001775668457	Gate6b_persistent_stress_excluded
lineage_NK_NKT	NK_NKT	MRPS23	down	-0.314767150708413	Gate6b_persistent_stress_excluded
lineage_NK_NKT	NK_NKT	CCNT1	up	0.329930016895499	Gate6b_persistent_stress_excluded
lineage_NK_NKT	NK_NKT	FUT11	down	-0.327448506457696	Gate6b_persistent_stress_excluded
lineage_NK_NKT	NK_NKT	LPXN	up	0.220347314432758	Gate6b_persistent_stress_excluded
lineage_NK_NKT	NK_NKT	ATP5B	up	0.183497617616478	Gate6b_persistent_stress_excluded
lineage_NK_NKT	NK_NKT	CHMP6	down	-0.323549541605544	Gate6b_persistent_stress_excluded
lineage_NK_NKT	NK_NKT	EXOC1	down	-0.35413614200966	Gate6b_persistent_stress_excluded
lineage_NK_NKT	NK_NKT	SIRPG	up	0.705437428476325	Gate6b_persistent_stress_excluded
lineage_NK_NKT	NK_NKT	ERCC4	down	-0.398663240427503	Gate6b_persistent_stress_excluded
lineage_NK_NKT	NK_NKT	COQ10B	up	0.244296301776074	Gate6b_persistent_stress_excluded
lineage_NK_NKT	NK_NKT	TMEM199	down	-0.343149033854759	Gate6b_persistent_stress_excluded
lineage_NK_NKT	NK_NKT	MEPCE	up	0.443198280052196	Gate6b_persistent_stress_excluded
lineage_NK_NKT	NK_NKT	NRROS	down	-0.301167938008495	Gate6b_persistent_stress_excluded
lineage_NK_NKT	NK_NKT	IFIT5	down	-0.463016736953034	Gate6b_persistent_stress_excluded
lineage_NK_NKT	NK_NKT	GLT8D1	down	-0.317458047819282	Gate6b_persistent_stress_excluded
lineage_NK_NKT	NK_NKT	DBF4	up	0.323705856214265	Gate6b_persistent_stress_excluded
lineage_NK_NKT	NK_NKT	ASXL1	up	0.319915101600234	Gate6b_persistent_stress_excluded
